Total Nacional;Comunidades y Ciudades Autónomas;Percepción de beneficio según administración pública;periodo;Total
Total Nacional;;Total establecimientos;2019;5,533
Total Nacional;;Total establecimientos;2018;6,157
Total Nacional;;Total establecimientos;2017;6,473
Total Nacional;;Total establecimientos;2016;6,229
Total Nacional;;Total establecimientos;2015;6,196
Total Nacional;;Total establecimientos;2014;5,890
Total Nacional;;Total establecimientos;2013;5,544
Total Nacional;;1. Estatal: Sí;2019;7.97
Total Nacional;;1. Estatal: Sí;2018;7.18
Total Nacional;;1. Estatal: Sí;2017;7.57
Total Nacional;;1. Estatal: Sí;2016;6.77
Total Nacional;;1. Estatal: Sí;2015;6.57
Total Nacional;;1. Estatal: Sí;2014;5.52
Total Nacional;;1. Estatal: Sí;2013;5.63
Total Nacional;;1. Estatal: No;2019;45.78
Total Nacional;;1. Estatal: No;2018;46.40
Total Nacional;;1. Estatal: No;2017;44.35
Total Nacional;;1. Estatal: No;2016;44.63
Total Nacional;;1. Estatal: No;2015;41.45
Total Nacional;;1. Estatal: No;2014;42.82
Total Nacional;;1. Estatal: No;2013;42.44
Total Nacional;;1. Estatal: No aplicable;2019;46.25
Total Nacional;;1. Estatal: No aplicable;2018;46.42
Total Nacional;;1. Estatal: No aplicable;2017;48.08
Total Nacional;;1. Estatal: No aplicable;2016;48.60
Total Nacional;;1. Estatal: No aplicable;2015;51.99
Total Nacional;;1. Estatal: No aplicable;2014;51.66
Total Nacional;;1. Estatal: No aplicable;2013;51.93
Total Nacional;;2. Autonómica: Sí;2019;9.13
Total Nacional;;2. Autonómica: Sí;2018;8.35
Total Nacional;;2. Autonómica: Sí;2017;8.68
Total Nacional;;2. Autonómica: Sí;2016;7.93
Total Nacional;;2. Autonómica: Sí;2015;7.09
Total Nacional;;2. Autonómica: Sí;2014;6.26
Total Nacional;;2. Autonómica: Sí;2013;5.93
Total Nacional;;2. Autonómica: No;2019;47.24
Total Nacional;;2. Autonómica: No;2018;47.54
Total Nacional;;2. Autonómica: No;2017;46.04
Total Nacional;;2. Autonómica: No;2016;45.93
Total Nacional;;2. Autonómica: No;2015;43.25
Total Nacional;;2. Autonómica: No;2014;43.99
Total Nacional;;2. Autonómica: No;2013;44.07
Total Nacional;;2. Autonómica: No aplicable;2019;43.63
Total Nacional;;2. Autonómica: No aplicable;2018;44.11
Total Nacional;;2. Autonómica: No aplicable;2017;45.28
Total Nacional;;2. Autonómica: No aplicable;2016;46.14
Total Nacional;;2. Autonómica: No aplicable;2015;49.66
Total Nacional;;2. Autonómica: No aplicable;2014;49.75
Total Nacional;;2. Autonómica: No aplicable;2013;50.00
Total Nacional;;3. Local: Sí;2019;9.25
Total Nacional;;3. Local: Sí;2018;8.23
Total Nacional;;3. Local: Sí;2017;8.73
Total Nacional;;3. Local: Sí;2016;7.47
Total Nacional;;3. Local: Sí;2015;7.30
Total Nacional;;3. Local: Sí;2014;6.52
Total Nacional;;3. Local: Sí;2013;5.70
Total Nacional;;3. Local: No;2019;47.33
Total Nacional;;3. Local: No;2018;47.69
Total Nacional;;3. Local: No;2017;46.39
Total Nacional;;3. Local: No;2016;46.46
Total Nacional;;3. Local: No;2015;43.42
Total Nacional;;3. Local: No;2014;44.04
Total Nacional;;3. Local: No;2013;44.14
Total Nacional;;3. Local: No aplicable;2019;43.41
Total Nacional;;3. Local: No aplicable;2018;44.08
Total Nacional;;3. Local: No aplicable;2017;44.88
Total Nacional;;3. Local: No aplicable;2016;46.07
Total Nacional;;3. Local: No aplicable;2015;49.29
Total Nacional;;3. Local: No aplicable;2014;49.44
Total Nacional;;3. Local: No aplicable;2013;50.16
Total Nacional;Andalucía;Total establecimientos;2019;459
Total Nacional;Andalucía;Total establecimientos;2018;498
Total Nacional;Andalucía;Total establecimientos;2017;507
Total Nacional;Andalucía;Total establecimientos;2016;478
Total Nacional;Andalucía;Total establecimientos;2015;477
Total Nacional;Andalucía;Total establecimientos;2014;456
Total Nacional;Andalucía;Total establecimientos;2013;447
Total Nacional;Andalucía;1. Estatal: Sí;2019;8.06
Total Nacional;Andalucía;1. Estatal: Sí;2018;6.22
Total Nacional;Andalucía;1. Estatal: Sí;2017;8.28
Total Nacional;Andalucía;1. Estatal: Sí;2016;5.23
Total Nacional;Andalucía;1. Estatal: Sí;2015;6.08
Total Nacional;Andalucía;1. Estatal: Sí;2014;7.68
Total Nacional;Andalucía;1. Estatal: Sí;2013;7.38
Total Nacional;Andalucía;1. Estatal: No;2019;44.88
Total Nacional;Andalucía;1. Estatal: No;2018;45.98
Total Nacional;Andalucía;1. Estatal: No;2017;44.77
Total Nacional;Andalucía;1. Estatal: No;2016;46.86
Total Nacional;Andalucía;1. Estatal: No;2015;45.07
Total Nacional;Andalucía;1. Estatal: No;2014;44.52
Total Nacional;Andalucía;1. Estatal: No;2013;34.90
Total Nacional;Andalucía;1. Estatal: No aplicable;2019;47.06
Total Nacional;Andalucía;1. Estatal: No aplicable;2018;47.79
Total Nacional;Andalucía;1. Estatal: No aplicable;2017;46.94
Total Nacional;Andalucía;1. Estatal: No aplicable;2016;47.91
Total Nacional;Andalucía;1. Estatal: No aplicable;2015;48.85
Total Nacional;Andalucía;1. Estatal: No aplicable;2014;47.81
Total Nacional;Andalucía;1. Estatal: No aplicable;2013;57.72
Total Nacional;Andalucía;2. Autonómica: Sí;2019;8.71
Total Nacional;Andalucía;2. Autonómica: Sí;2018;7.03
Total Nacional;Andalucía;2. Autonómica: Sí;2017;9.07
Total Nacional;Andalucía;2. Autonómica: Sí;2016;6.49
Total Nacional;Andalucía;2. Autonómica: Sí;2015;4.19
Total Nacional;Andalucía;2. Autonómica: Sí;2014;6.36
Total Nacional;Andalucía;2. Autonómica: Sí;2013;7.61
Total Nacional;Andalucía;2. Autonómica: No;2019;44.23
Total Nacional;Andalucía;2. Autonómica: No;2018;47.39
Total Nacional;Andalucía;2. Autonómica: No;2017;46.35
Total Nacional;Andalucía;2. Autonómica: No;2016;47.28
Total Nacional;Andalucía;2. Autonómica: No;2015;48.43
Total Nacional;Andalucía;2. Autonómica: No;2014;46.71
Total Nacional;Andalucía;2. Autonómica: No;2013;36.91
Total Nacional;Andalucía;2. Autonómica: No aplicable;2019;47.06
Total Nacional;Andalucía;2. Autonómica: No aplicable;2018;45.58
Total Nacional;Andalucía;2. Autonómica: No aplicable;2017;44.58
Total Nacional;Andalucía;2. Autonómica: No aplicable;2016;46.23
Total Nacional;Andalucía;2. Autonómica: No aplicable;2015;47.38
Total Nacional;Andalucía;2. Autonómica: No aplicable;2014;46.93
Total Nacional;Andalucía;2. Autonómica: No aplicable;2013;55.48
Total Nacional;Andalucía;3. Local: Sí;2019;9.59
Total Nacional;Andalucía;3. Local: Sí;2018;8.43
Total Nacional;Andalucía;3. Local: Sí;2017;10.26
Total Nacional;Andalucía;3. Local: Sí;2016;7.74
Total Nacional;Andalucía;3. Local: Sí;2015;5.66
Total Nacional;Andalucía;3. Local: Sí;2014;8.11
Total Nacional;Andalucía;3. Local: Sí;2013;9.17
Total Nacional;Andalucía;3. Local: No;2019;45.10
Total Nacional;Andalucía;3. Local: No;2018;47.39
Total Nacional;Andalucía;3. Local: No;2017;45.96
Total Nacional;Andalucía;3. Local: No;2016;48.12
Total Nacional;Andalucía;3. Local: No;2015;47.59
Total Nacional;Andalucía;3. Local: No;2014;46.71
Total Nacional;Andalucía;3. Local: No;2013;36.02
Total Nacional;Andalucía;3. Local: No aplicable;2019;45.32
Total Nacional;Andalucía;3. Local: No aplicable;2018;44.18
Total Nacional;Andalucía;3. Local: No aplicable;2017;43.79
Total Nacional;Andalucía;3. Local: No aplicable;2016;44.14
Total Nacional;Andalucía;3. Local: No aplicable;2015;46.75
Total Nacional;Andalucía;3. Local: No aplicable;2014;45.18
Total Nacional;Andalucía;3. Local: No aplicable;2013;54.81
Total Nacional;Aragón;Total establecimientos;2019;293
Total Nacional;Aragón;Total establecimientos;2018;323
Total Nacional;Aragón;Total establecimientos;2017;337
Total Nacional;Aragón;Total establecimientos;2016;308
Total Nacional;Aragón;Total establecimientos;2015;308
Total Nacional;Aragón;Total establecimientos;2014;261
Total Nacional;Aragón;Total establecimientos;2013;253
Total Nacional;Aragón;1. Estatal: Sí;2019;6.48
Total Nacional;Aragón;1. Estatal: Sí;2018;5.57
Total Nacional;Aragón;1. Estatal: Sí;2017;8.01
Total Nacional;Aragón;1. Estatal: Sí;2016;7.47
Total Nacional;Aragón;1. Estatal: Sí;2015;5.52
Total Nacional;Aragón;1. Estatal: Sí;2014;3.83
Total Nacional;Aragón;1. Estatal: Sí;2013;3.56
Total Nacional;Aragón;1. Estatal: No;2019;47.10
Total Nacional;Aragón;1. Estatal: No;2018;47.99
Total Nacional;Aragón;1. Estatal: No;2017;43.03
Total Nacional;Aragón;1. Estatal: No;2016;48.70
Total Nacional;Aragón;1. Estatal: No;2015;46.75
Total Nacional;Aragón;1. Estatal: No;2014;45.59
Total Nacional;Aragón;1. Estatal: No;2013;49.80
Total Nacional;Aragón;1. Estatal: No aplicable;2019;46.42
Total Nacional;Aragón;1. Estatal: No aplicable;2018;46.44
Total Nacional;Aragón;1. Estatal: No aplicable;2017;48.96
Total Nacional;Aragón;1. Estatal: No aplicable;2016;43.83
Total Nacional;Aragón;1. Estatal: No aplicable;2015;47.73
Total Nacional;Aragón;1. Estatal: No aplicable;2014;50.57
Total Nacional;Aragón;1. Estatal: No aplicable;2013;46.64
Total Nacional;Aragón;2. Autonómica: Sí;2019;7.51
Total Nacional;Aragón;2. Autonómica: Sí;2018;6.50
Total Nacional;Aragón;2. Autonómica: Sí;2017;6.82
Total Nacional;Aragón;2. Autonómica: Sí;2016;8.44
Total Nacional;Aragón;2. Autonómica: Sí;2015;5.84
Total Nacional;Aragón;2. Autonómica: Sí;2014;4.60
Total Nacional;Aragón;2. Autonómica: Sí;2013;3.56
Total Nacional;Aragón;2. Autonómica: No;2019;47.78
Total Nacional;Aragón;2. Autonómica: No;2018;47.99
Total Nacional;Aragón;2. Autonómica: No;2017;45.40
Total Nacional;Aragón;2. Autonómica: No;2016;47.40
Total Nacional;Aragón;2. Autonómica: No;2015;48.05
Total Nacional;Aragón;2. Autonómica: No;2014;46.74
Total Nacional;Aragón;2. Autonómica: No;2013;49.41
Total Nacional;Aragón;2. Autonómica: No aplicable;2019;44.71
Total Nacional;Aragón;2. Autonómica: No aplicable;2018;45.51
Total Nacional;Aragón;2. Autonómica: No aplicable;2017;47.77
Total Nacional;Aragón;2. Autonómica: No aplicable;2016;44.16
Total Nacional;Aragón;2. Autonómica: No aplicable;2015;46.10
Total Nacional;Aragón;2. Autonómica: No aplicable;2014;48.66
Total Nacional;Aragón;2. Autonómica: No aplicable;2013;47.04
Total Nacional;Aragón;3. Local: Sí;2019;6.83
Total Nacional;Aragón;3. Local: Sí;2018;6.19
Total Nacional;Aragón;3. Local: Sí;2017;7.12
Total Nacional;Aragón;3. Local: Sí;2016;8.44
Total Nacional;Aragón;3. Local: Sí;2015;6.17
Total Nacional;Aragón;3. Local: Sí;2014;5.36
Total Nacional;Aragón;3. Local: Sí;2013;4.74
Total Nacional;Aragón;3. Local: No;2019;47.10
Total Nacional;Aragón;3. Local: No;2018;47.68
Total Nacional;Aragón;3. Local: No;2017;45.40
Total Nacional;Aragón;3. Local: No;2016;47.08
Total Nacional;Aragón;3. Local: No;2015;47.73
Total Nacional;Aragón;3. Local: No;2014;45.98
Total Nacional;Aragón;3. Local: No;2013;49.01
Total Nacional;Aragón;3. Local: No aplicable;2019;46.08
Total Nacional;Aragón;3. Local: No aplicable;2018;46.13
Total Nacional;Aragón;3. Local: No aplicable;2017;47.48
Total Nacional;Aragón;3. Local: No aplicable;2016;44.48
Total Nacional;Aragón;3. Local: No aplicable;2015;46.10
Total Nacional;Aragón;3. Local: No aplicable;2014;48.66
Total Nacional;Aragón;3. Local: No aplicable;2013;46.25
Total Nacional;Asturias, Principado de;Total establecimientos;2019;251
Total Nacional;Asturias, Principado de;Total establecimientos;2018;283
Total Nacional;Asturias, Principado de;Total establecimientos;2017;289
Total Nacional;Asturias, Principado de;Total establecimientos;2016;261
Total Nacional;Asturias, Principado de;Total establecimientos;2015;279
Total Nacional;Asturias, Principado de;Total establecimientos;2014;280
Total Nacional;Asturias, Principado de;Total establecimientos;2013;258
Total Nacional;Asturias, Principado de;1. Estatal: Sí;2019;6.77
Total Nacional;Asturias, Principado de;1. Estatal: Sí;2018;6.71
Total Nacional;Asturias, Principado de;1. Estatal: Sí;2017;8.65
Total Nacional;Asturias, Principado de;1. Estatal: Sí;2016;6.90
Total Nacional;Asturias, Principado de;1. Estatal: Sí;2015;6.81
Total Nacional;Asturias, Principado de;1. Estatal: Sí;2014;5.71
Total Nacional;Asturias, Principado de;1. Estatal: Sí;2013;6.20
Total Nacional;Asturias, Principado de;1. Estatal: No;2019;46.22
Total Nacional;Asturias, Principado de;1. Estatal: No;2018;40.64
Total Nacional;Asturias, Principado de;1. Estatal: No;2017;37.37
Total Nacional;Asturias, Principado de;1. Estatal: No;2016;45.21
Total Nacional;Asturias, Principado de;1. Estatal: No;2015;39.78
Total Nacional;Asturias, Principado de;1. Estatal: No;2014;42.50
Total Nacional;Asturias, Principado de;1. Estatal: No;2013;42.25
Total Nacional;Asturias, Principado de;1. Estatal: No aplicable;2019;47.01
Total Nacional;Asturias, Principado de;1. Estatal: No aplicable;2018;52.65
Total Nacional;Asturias, Principado de;1. Estatal: No aplicable;2017;53.98
Total Nacional;Asturias, Principado de;1. Estatal: No aplicable;2016;47.89
Total Nacional;Asturias, Principado de;1. Estatal: No aplicable;2015;53.41
Total Nacional;Asturias, Principado de;1. Estatal: No aplicable;2014;51.79
Total Nacional;Asturias, Principado de;1. Estatal: No aplicable;2013;51.55
Total Nacional;Asturias, Principado de;2. Autonómica: Sí;2019;7.57
Total Nacional;Asturias, Principado de;2. Autonómica: Sí;2018;8.13
Total Nacional;Asturias, Principado de;2. Autonómica: Sí;2017;8.30
Total Nacional;Asturias, Principado de;2. Autonómica: Sí;2016;8.43
Total Nacional;Asturias, Principado de;2. Autonómica: Sí;2015;7.53
Total Nacional;Asturias, Principado de;2. Autonómica: Sí;2014;6.43
Total Nacional;Asturias, Principado de;2. Autonómica: Sí;2013;6.59
Total Nacional;Asturias, Principado de;2. Autonómica: No;2019;48.21
Total Nacional;Asturias, Principado de;2. Autonómica: No;2018;42.05
Total Nacional;Asturias, Principado de;2. Autonómica: No;2017;39.79
Total Nacional;Asturias, Principado de;2. Autonómica: No;2016;45.59
Total Nacional;Asturias, Principado de;2. Autonómica: No;2015;41.22
Total Nacional;Asturias, Principado de;2. Autonómica: No;2014;43.21
Total Nacional;Asturias, Principado de;2. Autonómica: No;2013;43.02
Total Nacional;Asturias, Principado de;2. Autonómica: No aplicable;2019;44.22
Total Nacional;Asturias, Principado de;2. Autonómica: No aplicable;2018;49.82
Total Nacional;Asturias, Principado de;2. Autonómica: No aplicable;2017;51.90
Total Nacional;Asturias, Principado de;2. Autonómica: No aplicable;2016;45.98
Total Nacional;Asturias, Principado de;2. Autonómica: No aplicable;2015;51.25
Total Nacional;Asturias, Principado de;2. Autonómica: No aplicable;2014;50.36
Total Nacional;Asturias, Principado de;2. Autonómica: No aplicable;2013;50.39
Total Nacional;Asturias, Principado de;3. Local: Sí;2019;7.57
Total Nacional;Asturias, Principado de;3. Local: Sí;2018;8.13
Total Nacional;Asturias, Principado de;3. Local: Sí;2017;9.34
Total Nacional;Asturias, Principado de;3. Local: Sí;2016;6.90
Total Nacional;Asturias, Principado de;3. Local: Sí;2015;6.81
Total Nacional;Asturias, Principado de;3. Local: Sí;2014;7.86
Total Nacional;Asturias, Principado de;3. Local: Sí;2013;5.81
Total Nacional;Asturias, Principado de;3. Local: No;2019;47.81
Total Nacional;Asturias, Principado de;3. Local: No;2018;40.99
Total Nacional;Asturias, Principado de;3. Local: No;2017;39.10
Total Nacional;Asturias, Principado de;3. Local: No;2016;47.13
Total Nacional;Asturias, Principado de;3. Local: No;2015;40.50
Total Nacional;Asturias, Principado de;3. Local: No;2014;42.14
Total Nacional;Asturias, Principado de;3. Local: No;2013;42.64
Total Nacional;Asturias, Principado de;3. Local: No aplicable;2019;44.62
Total Nacional;Asturias, Principado de;3. Local: No aplicable;2018;50.88
Total Nacional;Asturias, Principado de;3. Local: No aplicable;2017;51.56
Total Nacional;Asturias, Principado de;3. Local: No aplicable;2016;45.98
Total Nacional;Asturias, Principado de;3. Local: No aplicable;2015;52.69
Total Nacional;Asturias, Principado de;3. Local: No aplicable;2014;50.00
Total Nacional;Asturias, Principado de;3. Local: No aplicable;2013;51.55
Total Nacional;Balears, Illes;Total establecimientos;2019;241
Total Nacional;Balears, Illes;Total establecimientos;2018;277
Total Nacional;Balears, Illes;Total establecimientos;2017;291
Total Nacional;Balears, Illes;Total establecimientos;2016;280
Total Nacional;Balears, Illes;Total establecimientos;2015;273
Total Nacional;Balears, Illes;Total establecimientos;2014;257
Total Nacional;Balears, Illes;Total establecimientos;2013;226
Total Nacional;Balears, Illes;1. Estatal: Sí;2019;6.22
Total Nacional;Balears, Illes;1. Estatal: Sí;2018;7.22
Total Nacional;Balears, Illes;1. Estatal: Sí;2017;5.50
Total Nacional;Balears, Illes;1. Estatal: Sí;2016;6.43
Total Nacional;Balears, Illes;1. Estatal: Sí;2015;6.23
Total Nacional;Balears, Illes;1. Estatal: Sí;2014;3.89
Total Nacional;Balears, Illes;1. Estatal: Sí;2013;8.41
Total Nacional;Balears, Illes;1. Estatal: No;2019;46.47
Total Nacional;Balears, Illes;1. Estatal: No;2018;41.52
Total Nacional;Balears, Illes;1. Estatal: No;2017;43.99
Total Nacional;Balears, Illes;1. Estatal: No;2016;46.43
Total Nacional;Balears, Illes;1. Estatal: No;2015;41.39
Total Nacional;Balears, Illes;1. Estatal: No;2014;45.53
Total Nacional;Balears, Illes;1. Estatal: No;2013;40.27
Total Nacional;Balears, Illes;1. Estatal: No aplicable;2019;47.30
Total Nacional;Balears, Illes;1. Estatal: No aplicable;2018;51.26
Total Nacional;Balears, Illes;1. Estatal: No aplicable;2017;50.52
Total Nacional;Balears, Illes;1. Estatal: No aplicable;2016;47.14
Total Nacional;Balears, Illes;1. Estatal: No aplicable;2015;52.38
Total Nacional;Balears, Illes;1. Estatal: No aplicable;2014;50.58
Total Nacional;Balears, Illes;1. Estatal: No aplicable;2013;51.33
Total Nacional;Balears, Illes;2. Autonómica: Sí;2019;8.71
Total Nacional;Balears, Illes;2. Autonómica: Sí;2018;9.39
Total Nacional;Balears, Illes;2. Autonómica: Sí;2017;8.93
Total Nacional;Balears, Illes;2. Autonómica: Sí;2016;8.21
Total Nacional;Balears, Illes;2. Autonómica: Sí;2015;9.16
Total Nacional;Balears, Illes;2. Autonómica: Sí;2014;7.00
Total Nacional;Balears, Illes;2. Autonómica: Sí;2013;7.08
Total Nacional;Balears, Illes;2. Autonómica: No;2019;48.96
Total Nacional;Balears, Illes;2. Autonómica: No;2018;42.96
Total Nacional;Balears, Illes;2. Autonómica: No;2017;46.74
Total Nacional;Balears, Illes;2. Autonómica: No;2016;48.21
Total Nacional;Balears, Illes;2. Autonómica: No;2015;41.76
Total Nacional;Balears, Illes;2. Autonómica: No;2014;44.75
Total Nacional;Balears, Illes;2. Autonómica: No;2013;42.48
Total Nacional;Balears, Illes;2. Autonómica: No aplicable;2019;42.32
Total Nacional;Balears, Illes;2. Autonómica: No aplicable;2018;47.65
Total Nacional;Balears, Illes;2. Autonómica: No aplicable;2017;44.33
Total Nacional;Balears, Illes;2. Autonómica: No aplicable;2016;43.57
Total Nacional;Balears, Illes;2. Autonómica: No aplicable;2015;49.08
Total Nacional;Balears, Illes;2. Autonómica: No aplicable;2014;48.25
Total Nacional;Balears, Illes;2. Autonómica: No aplicable;2013;50.44
Total Nacional;Balears, Illes;3. Local: Sí;2019;9.54
Total Nacional;Balears, Illes;3. Local: Sí;2018;10.11
Total Nacional;Balears, Illes;3. Local: Sí;2017;8.93
Total Nacional;Balears, Illes;3. Local: Sí;2016;8.57
Total Nacional;Balears, Illes;3. Local: Sí;2015;10.26
Total Nacional;Balears, Illes;3. Local: Sí;2014;8.56
Total Nacional;Balears, Illes;3. Local: Sí;2013;6.64
Total Nacional;Balears, Illes;3. Local: No;2019;48.55
Total Nacional;Balears, Illes;3. Local: No;2018;42.96
Total Nacional;Balears, Illes;3. Local: No;2017;47.08
Total Nacional;Balears, Illes;3. Local: No;2016;48.21
Total Nacional;Balears, Illes;3. Local: No;2015;42.86
Total Nacional;Balears, Illes;3. Local: No;2014;43.97
Total Nacional;Balears, Illes;3. Local: No;2013;41.15
Total Nacional;Balears, Illes;3. Local: No aplicable;2019;41.91
Total Nacional;Balears, Illes;3. Local: No aplicable;2018;46.93
Total Nacional;Balears, Illes;3. Local: No aplicable;2017;43.99
Total Nacional;Balears, Illes;3. Local: No aplicable;2016;43.21
Total Nacional;Balears, Illes;3. Local: No aplicable;2015;46.89
Total Nacional;Balears, Illes;3. Local: No aplicable;2014;47.47
Total Nacional;Balears, Illes;3. Local: No aplicable;2013;52.21
Total Nacional;Canarias;Total establecimientos;2019;228
Total Nacional;Canarias;Total establecimientos;2018;318
Total Nacional;Canarias;Total establecimientos;2017;306
Total Nacional;Canarias;Total establecimientos;2016;309
Total Nacional;Canarias;Total establecimientos;2015;315
Total Nacional;Canarias;Total establecimientos;2014;306
Total Nacional;Canarias;Total establecimientos;2013;302
Total Nacional;Canarias;1. Estatal: Sí;2019;7.46
Total Nacional;Canarias;1. Estatal: Sí;2018;11.32
Total Nacional;Canarias;1. Estatal: Sí;2017;7.84
Total Nacional;Canarias;1. Estatal: Sí;2016;7.44
Total Nacional;Canarias;1. Estatal: Sí;2015;7.30
Total Nacional;Canarias;1. Estatal: Sí;2014;5.23
Total Nacional;Canarias;1. Estatal: Sí;2013;2.98
Total Nacional;Canarias;1. Estatal: No;2019;46.05
Total Nacional;Canarias;1. Estatal: No;2018;42.14
Total Nacional;Canarias;1. Estatal: No;2017;44.12
Total Nacional;Canarias;1. Estatal: No;2016;43.04
Total Nacional;Canarias;1. Estatal: No;2015;44.44
Total Nacional;Canarias;1. Estatal: No;2014;41.18
Total Nacional;Canarias;1. Estatal: No;2013;43.38
Total Nacional;Canarias;1. Estatal: No aplicable;2019;46.49
Total Nacional;Canarias;1. Estatal: No aplicable;2018;46.54
Total Nacional;Canarias;1. Estatal: No aplicable;2017;48.04
Total Nacional;Canarias;1. Estatal: No aplicable;2016;49.51
Total Nacional;Canarias;1. Estatal: No aplicable;2015;48.25
Total Nacional;Canarias;1. Estatal: No aplicable;2014;53.59
Total Nacional;Canarias;1. Estatal: No aplicable;2013;53.64
Total Nacional;Canarias;2. Autonómica: Sí;2019;9.21
Total Nacional;Canarias;2. Autonómica: Sí;2018;12.89
Total Nacional;Canarias;2. Autonómica: Sí;2017;8.50
Total Nacional;Canarias;2. Autonómica: Sí;2016;10.03
Total Nacional;Canarias;2. Autonómica: Sí;2015;9.84
Total Nacional;Canarias;2. Autonómica: Sí;2014;6.21
Total Nacional;Canarias;2. Autonómica: Sí;2013;5.30
Total Nacional;Canarias;2. Autonómica: No;2019;49.56
Total Nacional;Canarias;2. Autonómica: No;2018;42.14
Total Nacional;Canarias;2. Autonómica: No;2017;46.41
Total Nacional;Canarias;2. Autonómica: No;2016;44.66
Total Nacional;Canarias;2. Autonómica: No;2015;45.71
Total Nacional;Canarias;2. Autonómica: No;2014;43.79
Total Nacional;Canarias;2. Autonómica: No;2013;46.03
Total Nacional;Canarias;2. Autonómica: No aplicable;2019;41.23
Total Nacional;Canarias;2. Autonómica: No aplicable;2018;44.97
Total Nacional;Canarias;2. Autonómica: No aplicable;2017;45.10
Total Nacional;Canarias;2. Autonómica: No aplicable;2016;45.31
Total Nacional;Canarias;2. Autonómica: No aplicable;2015;44.44
Total Nacional;Canarias;2. Autonómica: No aplicable;2014;50.00
Total Nacional;Canarias;2. Autonómica: No aplicable;2013;48.68
Total Nacional;Canarias;3. Local: Sí;2019;10.09
Total Nacional;Canarias;3. Local: Sí;2018;13.21
Total Nacional;Canarias;3. Local: Sí;2017;8.17
Total Nacional;Canarias;3. Local: Sí;2016;9.06
Total Nacional;Canarias;3. Local: Sí;2015;11.11
Total Nacional;Canarias;3. Local: Sí;2014;7.19
Total Nacional;Canarias;3. Local: Sí;2013;6.29
Total Nacional;Canarias;3. Local: No;2019;49.12
Total Nacional;Canarias;3. Local: No;2018;42.45
Total Nacional;Canarias;3. Local: No;2017;48.37
Total Nacional;Canarias;3. Local: No;2016;45.63
Total Nacional;Canarias;3. Local: No;2015;46.35
Total Nacional;Canarias;3. Local: No;2014;44.44
Total Nacional;Canarias;3. Local: No;2013;46.03
Total Nacional;Canarias;3. Local: No aplicable;2019;40.79
Total Nacional;Canarias;3. Local: No aplicable;2018;44.34
Total Nacional;Canarias;3. Local: No aplicable;2017;43.46
Total Nacional;Canarias;3. Local: No aplicable;2016;45.31
Total Nacional;Canarias;3. Local: No aplicable;2015;42.54
Total Nacional;Canarias;3. Local: No aplicable;2014;48.37
Total Nacional;Canarias;3. Local: No aplicable;2013;47.68
Total Nacional;Cantabria;Total establecimientos;2019;209
Total Nacional;Cantabria;Total establecimientos;2018;243
Total Nacional;Cantabria;Total establecimientos;2017;279
Total Nacional;Cantabria;Total establecimientos;2016;243
Total Nacional;Cantabria;Total establecimientos;2015;266
Total Nacional;Cantabria;Total establecimientos;2014;275
Total Nacional;Cantabria;Total establecimientos;2013;261
Total Nacional;Cantabria;1. Estatal: Sí;2019;8.61
Total Nacional;Cantabria;1. Estatal: Sí;2018;9.88
Total Nacional;Cantabria;1. Estatal: Sí;2017;4.30
Total Nacional;Cantabria;1. Estatal: Sí;2016;3.29
Total Nacional;Cantabria;1. Estatal: Sí;2015;6.02
Total Nacional;Cantabria;1. Estatal: Sí;2014;5.82
Total Nacional;Cantabria;1. Estatal: Sí;2013;5.75
Total Nacional;Cantabria;1. Estatal: No;2019;49.76
Total Nacional;Cantabria;1. Estatal: No;2018;46.50
Total Nacional;Cantabria;1. Estatal: No;2017;45.52
Total Nacional;Cantabria;1. Estatal: No;2016;49.79
Total Nacional;Cantabria;1. Estatal: No;2015;42.48
Total Nacional;Cantabria;1. Estatal: No;2014;42.18
Total Nacional;Cantabria;1. Estatal: No;2013;45.59
Total Nacional;Cantabria;1. Estatal: No aplicable;2019;41.63
Total Nacional;Cantabria;1. Estatal: No aplicable;2018;43.62
Total Nacional;Cantabria;1. Estatal: No aplicable;2017;50.18
Total Nacional;Cantabria;1. Estatal: No aplicable;2016;46.91
Total Nacional;Cantabria;1. Estatal: No aplicable;2015;51.50
Total Nacional;Cantabria;1. Estatal: No aplicable;2014;52.00
Total Nacional;Cantabria;1. Estatal: No aplicable;2013;48.66
Total Nacional;Cantabria;2. Autonómica: Sí;2019;9.09
Total Nacional;Cantabria;2. Autonómica: Sí;2018;11.52
Total Nacional;Cantabria;2. Autonómica: Sí;2017;6.09
Total Nacional;Cantabria;2. Autonómica: Sí;2016;4.94
Total Nacional;Cantabria;2. Autonómica: Sí;2015;5.64
Total Nacional;Cantabria;2. Autonómica: Sí;2014;6.18
Total Nacional;Cantabria;2. Autonómica: Sí;2013;6.51
Total Nacional;Cantabria;2. Autonómica: No;2019;50.72
Total Nacional;Cantabria;2. Autonómica: No;2018;45.68
Total Nacional;Cantabria;2. Autonómica: No;2017;46.95
Total Nacional;Cantabria;2. Autonómica: No;2016;51.44
Total Nacional;Cantabria;2. Autonómica: No;2015;44.74
Total Nacional;Cantabria;2. Autonómica: No;2014;42.55
Total Nacional;Cantabria;2. Autonómica: No;2013;46.74
Total Nacional;Cantabria;2. Autonómica: No aplicable;2019;40.19
Total Nacional;Cantabria;2. Autonómica: No aplicable;2018;42.80
Total Nacional;Cantabria;2. Autonómica: No aplicable;2017;46.95
Total Nacional;Cantabria;2. Autonómica: No aplicable;2016;43.62
Total Nacional;Cantabria;2. Autonómica: No aplicable;2015;49.62
Total Nacional;Cantabria;2. Autonómica: No aplicable;2014;51.27
Total Nacional;Cantabria;2. Autonómica: No aplicable;2013;46.74
Total Nacional;Cantabria;3. Local: Sí;2019;9.09
Total Nacional;Cantabria;3. Local: Sí;2018;8.64
Total Nacional;Cantabria;3. Local: Sí;2017;6.45
Total Nacional;Cantabria;3. Local: Sí;2016;3.29
Total Nacional;Cantabria;3. Local: Sí;2015;3.76
Total Nacional;Cantabria;3. Local: Sí;2014;4.36
Total Nacional;Cantabria;3. Local: Sí;2013;4.60
Total Nacional;Cantabria;3. Local: No;2019;50.72
Total Nacional;Cantabria;3. Local: No;2018;47.33
Total Nacional;Cantabria;3. Local: No;2017;46.59
Total Nacional;Cantabria;3. Local: No;2016;51.85
Total Nacional;Cantabria;3. Local: No;2015;44.74
Total Nacional;Cantabria;3. Local: No;2014;43.64
Total Nacional;Cantabria;3. Local: No;2013;47.51
Total Nacional;Cantabria;3. Local: No aplicable;2019;40.19
Total Nacional;Cantabria;3. Local: No aplicable;2018;44.03
Total Nacional;Cantabria;3. Local: No aplicable;2017;46.95
Total Nacional;Cantabria;3. Local: No aplicable;2016;44.86
Total Nacional;Cantabria;3. Local: No aplicable;2015;51.50
Total Nacional;Cantabria;3. Local: No aplicable;2014;52.00
Total Nacional;Cantabria;3. Local: No aplicable;2013;47.89
Total Nacional;Castilla y León;Total establecimientos;2019;285
Total Nacional;Castilla y León;Total establecimientos;2018;317
Total Nacional;Castilla y León;Total establecimientos;2017;320
Total Nacional;Castilla y León;Total establecimientos;2016;321
Total Nacional;Castilla y León;Total establecimientos;2015;323
Total Nacional;Castilla y León;Total establecimientos;2014;330
Total Nacional;Castilla y León;Total establecimientos;2013;320
Total Nacional;Castilla y León;1. Estatal: Sí;2019;9.47
Total Nacional;Castilla y León;1. Estatal: Sí;2018;6.94
Total Nacional;Castilla y León;1. Estatal: Sí;2017;7.81
Total Nacional;Castilla y León;1. Estatal: Sí;2016;6.23
Total Nacional;Castilla y León;1. Estatal: Sí;2015;9.29
Total Nacional;Castilla y León;1. Estatal: Sí;2014;6.36
Total Nacional;Castilla y León;1. Estatal: Sí;2013;3.75
Total Nacional;Castilla y León;1. Estatal: No;2019;44.56
Total Nacional;Castilla y León;1. Estatal: No;2018;50.16
Total Nacional;Castilla y León;1. Estatal: No;2017;44.06
Total Nacional;Castilla y León;1. Estatal: No;2016;43.30
Total Nacional;Castilla y León;1. Estatal: No;2015;37.77
Total Nacional;Castilla y León;1. Estatal: No;2014;41.21
Total Nacional;Castilla y León;1. Estatal: No;2013;42.81
Total Nacional;Castilla y León;1. Estatal: No aplicable;2019;45.96
Total Nacional;Castilla y León;1. Estatal: No aplicable;2018;42.90
Total Nacional;Castilla y León;1. Estatal: No aplicable;2017;48.13
Total Nacional;Castilla y León;1. Estatal: No aplicable;2016;50.47
Total Nacional;Castilla y León;1. Estatal: No aplicable;2015;52.94
Total Nacional;Castilla y León;1. Estatal: No aplicable;2014;52.42
Total Nacional;Castilla y León;1. Estatal: No aplicable;2013;53.44
Total Nacional;Castilla y León;2. Autonómica: Sí;2019;9.82
Total Nacional;Castilla y León;2. Autonómica: Sí;2018;7.57
Total Nacional;Castilla y León;2. Autonómica: Sí;2017;8.75
Total Nacional;Castilla y León;2. Autonómica: Sí;2016;7.48
Total Nacional;Castilla y León;2. Autonómica: Sí;2015;8.36
Total Nacional;Castilla y León;2. Autonómica: Sí;2014;7.58
Total Nacional;Castilla y León;2. Autonómica: Sí;2013;3.13
Total Nacional;Castilla y León;2. Autonómica: No;2019;45.61
Total Nacional;Castilla y León;2. Autonómica: No;2018;50.16
Total Nacional;Castilla y León;2. Autonómica: No;2017;45.00
Total Nacional;Castilla y León;2. Autonómica: No;2016;44.55
Total Nacional;Castilla y León;2. Autonómica: No;2015;38.70
Total Nacional;Castilla y León;2. Autonómica: No;2014;41.21
Total Nacional;Castilla y León;2. Autonómica: No;2013;45.00
Total Nacional;Castilla y León;2. Autonómica: No aplicable;2019;44.56
Total Nacional;Castilla y León;2. Autonómica: No aplicable;2018;42.27
Total Nacional;Castilla y León;2. Autonómica: No aplicable;2017;46.25
Total Nacional;Castilla y León;2. Autonómica: No aplicable;2016;47.98
Total Nacional;Castilla y León;2. Autonómica: No aplicable;2015;52.94
Total Nacional;Castilla y León;2. Autonómica: No aplicable;2014;51.21
Total Nacional;Castilla y León;2. Autonómica: No aplicable;2013;51.88
Total Nacional;Castilla y León;3. Local: Sí;2019;11.93
Total Nacional;Castilla y León;3. Local: Sí;2018;9.15
Total Nacional;Castilla y León;3. Local: Sí;2017;9.06
Total Nacional;Castilla y León;3. Local: Sí;2016;6.54
Total Nacional;Castilla y León;3. Local: Sí;2015;9.29
Total Nacional;Castilla y León;3. Local: Sí;2014;6.36
Total Nacional;Castilla y León;3. Local: Sí;2013;3.13
Total Nacional;Castilla y León;3. Local: No;2019;45.96
Total Nacional;Castilla y León;3. Local: No;2018;50.47
Total Nacional;Castilla y León;3. Local: No;2017;44.69
Total Nacional;Castilla y León;3. Local: No;2016;45.48
Total Nacional;Castilla y León;3. Local: No;2015;38.70
Total Nacional;Castilla y León;3. Local: No;2014;42.12
Total Nacional;Castilla y León;3. Local: No;2013;45.63
Total Nacional;Castilla y León;3. Local: No aplicable;2019;42.11
Total Nacional;Castilla y León;3. Local: No aplicable;2018;40.38
Total Nacional;Castilla y León;3. Local: No aplicable;2017;46.25
Total Nacional;Castilla y León;3. Local: No aplicable;2016;47.98
Total Nacional;Castilla y León;3. Local: No aplicable;2015;52.01
Total Nacional;Castilla y León;3. Local: No aplicable;2014;51.52
Total Nacional;Castilla y León;3. Local: No aplicable;2013;51.25
Total Nacional;Castilla - La Mancha;Total establecimientos;2019;269
Total Nacional;Castilla - La Mancha;Total establecimientos;2018;305
Total Nacional;Castilla - La Mancha;Total establecimientos;2017;318
Total Nacional;Castilla - La Mancha;Total establecimientos;2016;313
Total Nacional;Castilla - La Mancha;Total establecimientos;2015;306
Total Nacional;Castilla - La Mancha;Total establecimientos;2014;295
Total Nacional;Castilla - La Mancha;Total establecimientos;2013;273
Total Nacional;Castilla - La Mancha;1. Estatal: Sí;2019;5.95
Total Nacional;Castilla - La Mancha;1. Estatal: Sí;2018;8.52
Total Nacional;Castilla - La Mancha;1. Estatal: Sí;2017;9.43
Total Nacional;Castilla - La Mancha;1. Estatal: Sí;2016;7.67
Total Nacional;Castilla - La Mancha;1. Estatal: Sí;2015;4.58
Total Nacional;Castilla - La Mancha;1. Estatal: Sí;2014;5.08
Total Nacional;Castilla - La Mancha;1. Estatal: Sí;2013;7.33
Total Nacional;Castilla - La Mancha;1. Estatal: No;2019;50.19
Total Nacional;Castilla - La Mancha;1. Estatal: No;2018;52.79
Total Nacional;Castilla - La Mancha;1. Estatal: No;2017;47.17
Total Nacional;Castilla - La Mancha;1. Estatal: No;2016;45.37
Total Nacional;Castilla - La Mancha;1. Estatal: No;2015;43.79
Total Nacional;Castilla - La Mancha;1. Estatal: No;2014;49.49
Total Nacional;Castilla - La Mancha;1. Estatal: No;2013;44.32
Total Nacional;Castilla - La Mancha;1. Estatal: No aplicable;2019;43.87
Total Nacional;Castilla - La Mancha;1. Estatal: No aplicable;2018;38.69
Total Nacional;Castilla - La Mancha;1. Estatal: No aplicable;2017;43.40
Total Nacional;Castilla - La Mancha;1. Estatal: No aplicable;2016;46.96
Total Nacional;Castilla - La Mancha;1. Estatal: No aplicable;2015;51.63
Total Nacional;Castilla - La Mancha;1. Estatal: No aplicable;2014;45.42
Total Nacional;Castilla - La Mancha;1. Estatal: No aplicable;2013;48.35
Total Nacional;Castilla - La Mancha;2. Autonómica: Sí;2019;4.83
Total Nacional;Castilla - La Mancha;2. Autonómica: Sí;2018;8.52
Total Nacional;Castilla - La Mancha;2. Autonómica: Sí;2017;9.43
Total Nacional;Castilla - La Mancha;2. Autonómica: Sí;2016;8.63
Total Nacional;Castilla - La Mancha;2. Autonómica: Sí;2015;5.56
Total Nacional;Castilla - La Mancha;2. Autonómica: Sí;2014;6.78
Total Nacional;Castilla - La Mancha;2. Autonómica: Sí;2013;5.49
Total Nacional;Castilla - La Mancha;2. Autonómica: No;2019;51.30
Total Nacional;Castilla - La Mancha;2. Autonómica: No;2018;52.79
Total Nacional;Castilla - La Mancha;2. Autonómica: No;2017;48.43
Total Nacional;Castilla - La Mancha;2. Autonómica: No;2016;46.33
Total Nacional;Castilla - La Mancha;2. Autonómica: No;2015;45.10
Total Nacional;Castilla - La Mancha;2. Autonómica: No;2014;51.19
Total Nacional;Castilla - La Mancha;2. Autonómica: No;2013;47.99
Total Nacional;Castilla - La Mancha;2. Autonómica: No aplicable;2019;43.87
Total Nacional;Castilla - La Mancha;2. Autonómica: No aplicable;2018;38.69
Total Nacional;Castilla - La Mancha;2. Autonómica: No aplicable;2017;42.14
Total Nacional;Castilla - La Mancha;2. Autonómica: No aplicable;2016;45.05
Total Nacional;Castilla - La Mancha;2. Autonómica: No aplicable;2015;49.35
Total Nacional;Castilla - La Mancha;2. Autonómica: No aplicable;2014;42.03
Total Nacional;Castilla - La Mancha;2. Autonómica: No aplicable;2013;46.52
Total Nacional;Castilla - La Mancha;3. Local: Sí;2019;4.83
Total Nacional;Castilla - La Mancha;3. Local: Sí;2018;7.21
Total Nacional;Castilla - La Mancha;3. Local: Sí;2017;9.12
Total Nacional;Castilla - La Mancha;3. Local: Sí;2016;7.99
Total Nacional;Castilla - La Mancha;3. Local: Sí;2015;4.90
Total Nacional;Castilla - La Mancha;3. Local: Sí;2014;5.42
Total Nacional;Castilla - La Mancha;3. Local: Sí;2013;5.86
Total Nacional;Castilla - La Mancha;3. Local: No;2019;52.04
Total Nacional;Castilla - La Mancha;3. Local: No;2018;52.79
Total Nacional;Castilla - La Mancha;3. Local: No;2017;48.43
Total Nacional;Castilla - La Mancha;3. Local: No;2016;46.96
Total Nacional;Castilla - La Mancha;3. Local: No;2015;45.75
Total Nacional;Castilla - La Mancha;3. Local: No;2014;50.85
Total Nacional;Castilla - La Mancha;3. Local: No;2013;46.52
Total Nacional;Castilla - La Mancha;3. Local: No aplicable;2019;43.12
Total Nacional;Castilla - La Mancha;3. Local: No aplicable;2018;40.00
Total Nacional;Castilla - La Mancha;3. Local: No aplicable;2017;42.45
Total Nacional;Castilla - La Mancha;3. Local: No aplicable;2016;45.05
Total Nacional;Castilla - La Mancha;3. Local: No aplicable;2015;49.35
Total Nacional;Castilla - La Mancha;3. Local: No aplicable;2014;43.73
Total Nacional;Castilla - La Mancha;3. Local: No aplicable;2013;47.62
Total Nacional;Cataluña;Total establecimientos;2019;655
Total Nacional;Cataluña;Total establecimientos;2018;739
Total Nacional;Cataluña;Total establecimientos;2017;733
Total Nacional;Cataluña;Total establecimientos;2016;673
Total Nacional;Cataluña;Total establecimientos;2015;690
Total Nacional;Cataluña;Total establecimientos;2014;605
Total Nacional;Cataluña;Total establecimientos;2013;581
Total Nacional;Cataluña;1. Estatal: Sí;2019;6.72
Total Nacional;Cataluña;1. Estatal: Sí;2018;4.19
Total Nacional;Cataluña;1. Estatal: Sí;2017;5.18
Total Nacional;Cataluña;1. Estatal: Sí;2016;5.05
Total Nacional;Cataluña;1. Estatal: Sí;2015;5.22
Total Nacional;Cataluña;1. Estatal: Sí;2014;5.29
Total Nacional;Cataluña;1. Estatal: Sí;2013;3.96
Total Nacional;Cataluña;1. Estatal: No;2019;47.79
Total Nacional;Cataluña;1. Estatal: No;2018;48.44
Total Nacional;Cataluña;1. Estatal: No;2017;45.57
Total Nacional;Cataluña;1. Estatal: No;2016;44.87
Total Nacional;Cataluña;1. Estatal: No;2015;39.28
Total Nacional;Cataluña;1. Estatal: No;2014;41.16
Total Nacional;Cataluña;1. Estatal: No;2013;43.03
Total Nacional;Cataluña;1. Estatal: No aplicable;2019;45.50
Total Nacional;Cataluña;1. Estatal: No aplicable;2018;47.36
Total Nacional;Cataluña;1. Estatal: No aplicable;2017;49.25
Total Nacional;Cataluña;1. Estatal: No aplicable;2016;50.07
Total Nacional;Cataluña;1. Estatal: No aplicable;2015;55.51
Total Nacional;Cataluña;1. Estatal: No aplicable;2014;53.55
Total Nacional;Cataluña;1. Estatal: No aplicable;2013;53.01
Total Nacional;Cataluña;2. Autonómica: Sí;2019;7.48
Total Nacional;Cataluña;2. Autonómica: Sí;2018;5.68
Total Nacional;Cataluña;2. Autonómica: Sí;2017;6.96
Total Nacional;Cataluña;2. Autonómica: Sí;2016;6.24
Total Nacional;Cataluña;2. Autonómica: Sí;2015;6.23
Total Nacional;Cataluña;2. Autonómica: Sí;2014;5.29
Total Nacional;Cataluña;2. Autonómica: Sí;2013;4.30
Total Nacional;Cataluña;2. Autonómica: No;2019;50.08
Total Nacional;Cataluña;2. Autonómica: No;2018;48.99
Total Nacional;Cataluña;2. Autonómica: No;2017;45.98
Total Nacional;Cataluña;2. Autonómica: No;2016;45.02
Total Nacional;Cataluña;2. Autonómica: No;2015;40.14
Total Nacional;Cataluña;2. Autonómica: No;2014;40.99
Total Nacional;Cataluña;2. Autonómica: No;2013;43.55
Total Nacional;Cataluña;2. Autonómica: No aplicable;2019;42.44
Total Nacional;Cataluña;2. Autonómica: No aplicable;2018;45.33
Total Nacional;Cataluña;2. Autonómica: No aplicable;2017;47.07
Total Nacional;Cataluña;2. Autonómica: No aplicable;2016;48.74
Total Nacional;Cataluña;2. Autonómica: No aplicable;2015;53.62
Total Nacional;Cataluña;2. Autonómica: No aplicable;2014;53.72
Total Nacional;Cataluña;2. Autonómica: No aplicable;2013;52.15
Total Nacional;Cataluña;3. Local: Sí;2019;7.33
Total Nacional;Cataluña;3. Local: Sí;2018;4.60
Total Nacional;Cataluña;3. Local: Sí;2017;6.55
Total Nacional;Cataluña;3. Local: Sí;2016;5.20
Total Nacional;Cataluña;3. Local: Sí;2015;5.94
Total Nacional;Cataluña;3. Local: Sí;2014;5.62
Total Nacional;Cataluña;3. Local: Sí;2013;3.79
Total Nacional;Cataluña;3. Local: No;2019;50.69
Total Nacional;Cataluña;3. Local: No;2018;49.93
Total Nacional;Cataluña;3. Local: No;2017;46.25
Total Nacional;Cataluña;3. Local: No;2016;46.36
Total Nacional;Cataluña;3. Local: No;2015;41.01
Total Nacional;Cataluña;3. Local: No;2014;40.66
Total Nacional;Cataluña;3. Local: No;2013;44.41
Total Nacional;Cataluña;3. Local: No aplicable;2019;41.98
Total Nacional;Cataluña;3. Local: No aplicable;2018;45.47
Total Nacional;Cataluña;3. Local: No aplicable;2017;47.20
Total Nacional;Cataluña;3. Local: No aplicable;2016;48.44
Total Nacional;Cataluña;3. Local: No aplicable;2015;53.04
Total Nacional;Cataluña;3. Local: No aplicable;2014;53.72
Total Nacional;Cataluña;3. Local: No aplicable;2013;51.81
Total Nacional;Comunitat Valenciana;Total establecimientos;2019;359
Total Nacional;Comunitat Valenciana;Total establecimientos;2018;412
Total Nacional;Comunitat Valenciana;Total establecimientos;2017;432
Total Nacional;Comunitat Valenciana;Total establecimientos;2016;411
Total Nacional;Comunitat Valenciana;Total establecimientos;2015;407
Total Nacional;Comunitat Valenciana;Total establecimientos;2014;386
Total Nacional;Comunitat Valenciana;Total establecimientos;2013;373
Total Nacional;Comunitat Valenciana;1. Estatal: Sí;2019;8.08
Total Nacional;Comunitat Valenciana;1. Estatal: Sí;2018;6.80
Total Nacional;Comunitat Valenciana;1. Estatal: Sí;2017;7.64
Total Nacional;Comunitat Valenciana;1. Estatal: Sí;2016;6.08
Total Nacional;Comunitat Valenciana;1. Estatal: Sí;2015;4.42
Total Nacional;Comunitat Valenciana;1. Estatal: Sí;2014;4.15
Total Nacional;Comunitat Valenciana;1. Estatal: Sí;2013;5.09
Total Nacional;Comunitat Valenciana;1. Estatal: No;2019;43.73
Total Nacional;Comunitat Valenciana;1. Estatal: No;2018;43.69
Total Nacional;Comunitat Valenciana;1. Estatal: No;2017;48.38
Total Nacional;Comunitat Valenciana;1. Estatal: No;2016;45.50
Total Nacional;Comunitat Valenciana;1. Estatal: No;2015;46.68
Total Nacional;Comunitat Valenciana;1. Estatal: No;2014;42.75
Total Nacional;Comunitat Valenciana;1. Estatal: No;2013;41.02
Total Nacional;Comunitat Valenciana;1. Estatal: No aplicable;2019;48.19
Total Nacional;Comunitat Valenciana;1. Estatal: No aplicable;2018;49.51
Total Nacional;Comunitat Valenciana;1. Estatal: No aplicable;2017;43.98
Total Nacional;Comunitat Valenciana;1. Estatal: No aplicable;2016;48.42
Total Nacional;Comunitat Valenciana;1. Estatal: No aplicable;2015;48.89
Total Nacional;Comunitat Valenciana;1. Estatal: No aplicable;2014;53.11
Total Nacional;Comunitat Valenciana;1. Estatal: No aplicable;2013;53.89
Total Nacional;Comunitat Valenciana;2. Autonómica: Sí;2019;9.75
Total Nacional;Comunitat Valenciana;2. Autonómica: Sí;2018;7.04
Total Nacional;Comunitat Valenciana;2. Autonómica: Sí;2017;7.87
Total Nacional;Comunitat Valenciana;2. Autonómica: Sí;2016;6.81
Total Nacional;Comunitat Valenciana;2. Autonómica: Sí;2015;5.16
Total Nacional;Comunitat Valenciana;2. Autonómica: Sí;2014;4.40
Total Nacional;Comunitat Valenciana;2. Autonómica: Sí;2013;4.29
Total Nacional;Comunitat Valenciana;2. Autonómica: No;2019;45.68
Total Nacional;Comunitat Valenciana;2. Autonómica: No;2018;45.39
Total Nacional;Comunitat Valenciana;2. Autonómica: No;2017;48.61
Total Nacional;Comunitat Valenciana;2. Autonómica: No;2016;46.96
Total Nacional;Comunitat Valenciana;2. Autonómica: No;2015;47.17
Total Nacional;Comunitat Valenciana;2. Autonómica: No;2014;45.60
Total Nacional;Comunitat Valenciana;2. Autonómica: No;2013;42.90
Total Nacional;Comunitat Valenciana;2. Autonómica: No aplicable;2019;44.57
Total Nacional;Comunitat Valenciana;2. Autonómica: No aplicable;2018;47.57
Total Nacional;Comunitat Valenciana;2. Autonómica: No aplicable;2017;43.52
Total Nacional;Comunitat Valenciana;2. Autonómica: No aplicable;2016;46.23
Total Nacional;Comunitat Valenciana;2. Autonómica: No aplicable;2015;47.67
Total Nacional;Comunitat Valenciana;2. Autonómica: No aplicable;2014;50.00
Total Nacional;Comunitat Valenciana;2. Autonómica: No aplicable;2013;52.82
Total Nacional;Comunitat Valenciana;3. Local: Sí;2019;9.19
Total Nacional;Comunitat Valenciana;3. Local: Sí;2018;8.01
Total Nacional;Comunitat Valenciana;3. Local: Sí;2017;7.87
Total Nacional;Comunitat Valenciana;3. Local: Sí;2016;6.08
Total Nacional;Comunitat Valenciana;3. Local: Sí;2015;6.39
Total Nacional;Comunitat Valenciana;3. Local: Sí;2014;4.92
Total Nacional;Comunitat Valenciana;3. Local: Sí;2013;4.56
Total Nacional;Comunitat Valenciana;3. Local: No;2019;46.80
Total Nacional;Comunitat Valenciana;3. Local: No;2018;43.93
Total Nacional;Comunitat Valenciana;3. Local: No;2017;49.07
Total Nacional;Comunitat Valenciana;3. Local: No;2016;47.69
Total Nacional;Comunitat Valenciana;3. Local: No;2015;47.67
Total Nacional;Comunitat Valenciana;3. Local: No;2014;45.08
Total Nacional;Comunitat Valenciana;3. Local: No;2013;42.90
Total Nacional;Comunitat Valenciana;3. Local: No aplicable;2019;44.01
Total Nacional;Comunitat Valenciana;3. Local: No aplicable;2018;48.06
Total Nacional;Comunitat Valenciana;3. Local: No aplicable;2017;43.06
Total Nacional;Comunitat Valenciana;3. Local: No aplicable;2016;46.23
Total Nacional;Comunitat Valenciana;3. Local: No aplicable;2015;45.95
Total Nacional;Comunitat Valenciana;3. Local: No aplicable;2014;50.00
Total Nacional;Comunitat Valenciana;3. Local: No aplicable;2013;52.55
Total Nacional;Extremadura;Total establecimientos;2019;202
Total Nacional;Extremadura;Total establecimientos;2018;248
Total Nacional;Extremadura;Total establecimientos;2017;265
Total Nacional;Extremadura;Total establecimientos;2016;271
Total Nacional;Extremadura;Total establecimientos;2015;256
Total Nacional;Extremadura;Total establecimientos;2014;260
Total Nacional;Extremadura;Total establecimientos;2013;243
Total Nacional;Extremadura;1. Estatal: Sí;2019;11.39
Total Nacional;Extremadura;1. Estatal: Sí;2018;11.29
Total Nacional;Extremadura;1. Estatal: Sí;2017;10.19
Total Nacional;Extremadura;1. Estatal: Sí;2016;11.07
Total Nacional;Extremadura;1. Estatal: Sí;2015;9.77
Total Nacional;Extremadura;1. Estatal: Sí;2014;10.00
Total Nacional;Extremadura;1. Estatal: Sí;2013;10.70
Total Nacional;Extremadura;1. Estatal: No;2019;39.60
Total Nacional;Extremadura;1. Estatal: No;2018;50.00
Total Nacional;Extremadura;1. Estatal: No;2017;47.92
Total Nacional;Extremadura;1. Estatal: No;2016;45.39
Total Nacional;Extremadura;1. Estatal: No;2015;41.80
Total Nacional;Extremadura;1. Estatal: No;2014;46.92
Total Nacional;Extremadura;1. Estatal: No;2013;43.62
Total Nacional;Extremadura;1. Estatal: No aplicable;2019;49.01
Total Nacional;Extremadura;1. Estatal: No aplicable;2018;38.71
Total Nacional;Extremadura;1. Estatal: No aplicable;2017;41.89
Total Nacional;Extremadura;1. Estatal: No aplicable;2016;43.54
Total Nacional;Extremadura;1. Estatal: No aplicable;2015;48.44
Total Nacional;Extremadura;1. Estatal: No aplicable;2014;43.08
Total Nacional;Extremadura;1. Estatal: No aplicable;2013;45.68
Total Nacional;Extremadura;2. Autonómica: Sí;2019;13.37
Total Nacional;Extremadura;2. Autonómica: Sí;2018;12.50
Total Nacional;Extremadura;2. Autonómica: Sí;2017;12.45
Total Nacional;Extremadura;2. Autonómica: Sí;2016;12.55
Total Nacional;Extremadura;2. Autonómica: Sí;2015;12.11
Total Nacional;Extremadura;2. Autonómica: Sí;2014;11.92
Total Nacional;Extremadura;2. Autonómica: Sí;2013;13.99
Total Nacional;Extremadura;2. Autonómica: No;2019;41.09
Total Nacional;Extremadura;2. Autonómica: No;2018;50.40
Total Nacional;Extremadura;2. Autonómica: No;2017;48.30
Total Nacional;Extremadura;2. Autonómica: No;2016;46.13
Total Nacional;Extremadura;2. Autonómica: No;2015;42.97
Total Nacional;Extremadura;2. Autonómica: No;2014;48.08
Total Nacional;Extremadura;2. Autonómica: No;2013;43.62
Total Nacional;Extremadura;2. Autonómica: No aplicable;2019;45.54
Total Nacional;Extremadura;2. Autonómica: No aplicable;2018;37.10
Total Nacional;Extremadura;2. Autonómica: No aplicable;2017;39.25
Total Nacional;Extremadura;2. Autonómica: No aplicable;2016;41.33
Total Nacional;Extremadura;2. Autonómica: No aplicable;2015;44.92
Total Nacional;Extremadura;2. Autonómica: No aplicable;2014;40.00
Total Nacional;Extremadura;2. Autonómica: No aplicable;2013;42.39
Total Nacional;Extremadura;3. Local: Sí;2019;13.37
Total Nacional;Extremadura;3. Local: Sí;2018;10.89
Total Nacional;Extremadura;3. Local: Sí;2017;12.08
Total Nacional;Extremadura;3. Local: Sí;2016;10.33
Total Nacional;Extremadura;3. Local: Sí;2015;10.55
Total Nacional;Extremadura;3. Local: Sí;2014;11.92
Total Nacional;Extremadura;3. Local: Sí;2013;12.76
Total Nacional;Extremadura;3. Local: No;2019;40.10
Total Nacional;Extremadura;3. Local: No;2018;52.42
Total Nacional;Extremadura;3. Local: No;2017;49.81
Total Nacional;Extremadura;3. Local: No;2016;46.49
Total Nacional;Extremadura;3. Local: No;2015;42.97
Total Nacional;Extremadura;3. Local: No;2014;48.08
Total Nacional;Extremadura;3. Local: No;2013;44.03
Total Nacional;Extremadura;3. Local: No aplicable;2019;46.53
Total Nacional;Extremadura;3. Local: No aplicable;2018;36.69
Total Nacional;Extremadura;3. Local: No aplicable;2017;38.11
Total Nacional;Extremadura;3. Local: No aplicable;2016;43.17
Total Nacional;Extremadura;3. Local: No aplicable;2015;46.48
Total Nacional;Extremadura;3. Local: No aplicable;2014;40.00
Total Nacional;Extremadura;3. Local: No aplicable;2013;43.21
Total Nacional;Galicia;Total establecimientos;2019;361
Total Nacional;Galicia;Total establecimientos;2018;377
Total Nacional;Galicia;Total establecimientos;2017;387
Total Nacional;Galicia;Total establecimientos;2016;379
Total Nacional;Galicia;Total establecimientos;2015;328
Total Nacional;Galicia;Total establecimientos;2014;335
Total Nacional;Galicia;Total establecimientos;2013;302
Total Nacional;Galicia;1. Estatal: Sí;2019;9.42
Total Nacional;Galicia;1. Estatal: Sí;2018;7.16
Total Nacional;Galicia;1. Estatal: Sí;2017;10.08
Total Nacional;Galicia;1. Estatal: Sí;2016;6.33
Total Nacional;Galicia;1. Estatal: Sí;2015;7.62
Total Nacional;Galicia;1. Estatal: Sí;2014;5.37
Total Nacional;Galicia;1. Estatal: Sí;2013;6.29
Total Nacional;Galicia;1. Estatal: No;2019;44.88
Total Nacional;Galicia;1. Estatal: No;2018;47.21
Total Nacional;Galicia;1. Estatal: No;2017;46.51
Total Nacional;Galicia;1. Estatal: No;2016;45.65
Total Nacional;Galicia;1. Estatal: No;2015;41.77
Total Nacional;Galicia;1. Estatal: No;2014;44.18
Total Nacional;Galicia;1. Estatal: No;2013;37.75
Total Nacional;Galicia;1. Estatal: No aplicable;2019;45.71
Total Nacional;Galicia;1. Estatal: No aplicable;2018;45.62
Total Nacional;Galicia;1. Estatal: No aplicable;2017;43.41
Total Nacional;Galicia;1. Estatal: No aplicable;2016;48.02
Total Nacional;Galicia;1. Estatal: No aplicable;2015;50.61
Total Nacional;Galicia;1. Estatal: No aplicable;2014;50.45
Total Nacional;Galicia;1. Estatal: No aplicable;2013;55.96
Total Nacional;Galicia;2. Autonómica: Sí;2019;11.91
Total Nacional;Galicia;2. Autonómica: Sí;2018;10.34
Total Nacional;Galicia;2. Autonómica: Sí;2017;11.11
Total Nacional;Galicia;2. Autonómica: Sí;2016;7.65
Total Nacional;Galicia;2. Autonómica: Sí;2015;8.84
Total Nacional;Galicia;2. Autonómica: Sí;2014;7.46
Total Nacional;Galicia;2. Autonómica: Sí;2013;8.28
Total Nacional;Galicia;2. Autonómica: No;2019;45.43
Total Nacional;Galicia;2. Autonómica: No;2018;48.01
Total Nacional;Galicia;2. Autonómica: No;2017;48.32
Total Nacional;Galicia;2. Autonómica: No;2016;46.17
Total Nacional;Galicia;2. Autonómica: No;2015;42.99
Total Nacional;Galicia;2. Autonómica: No;2014;42.99
Total Nacional;Galicia;2. Autonómica: No;2013;38.08
Total Nacional;Galicia;2. Autonómica: No aplicable;2019;42.66
Total Nacional;Galicia;2. Autonómica: No aplicable;2018;41.64
Total Nacional;Galicia;2. Autonómica: No aplicable;2017;40.57
Total Nacional;Galicia;2. Autonómica: No aplicable;2016;46.17
Total Nacional;Galicia;2. Autonómica: No aplicable;2015;48.17
Total Nacional;Galicia;2. Autonómica: No aplicable;2014;49.55
Total Nacional;Galicia;2. Autonómica: No aplicable;2013;53.64
Total Nacional;Galicia;3. Local: Sí;2019;11.63
Total Nacional;Galicia;3. Local: Sí;2018;9.81
Total Nacional;Galicia;3. Local: Sí;2017;9.56
Total Nacional;Galicia;3. Local: Sí;2016;8.18
Total Nacional;Galicia;3. Local: Sí;2015;9.76
Total Nacional;Galicia;3. Local: Sí;2014;7.16
Total Nacional;Galicia;3. Local: Sí;2013;6.95
Total Nacional;Galicia;3. Local: No;2019;47.09
Total Nacional;Galicia;3. Local: No;2018;48.81
Total Nacional;Galicia;3. Local: No;2017;49.61
Total Nacional;Galicia;3. Local: No;2016;46.44
Total Nacional;Galicia;3. Local: No;2015;42.07
Total Nacional;Galicia;3. Local: No;2014;43.58
Total Nacional;Galicia;3. Local: No;2013;39.40
Total Nacional;Galicia;3. Local: No aplicable;2019;41.27
Total Nacional;Galicia;3. Local: No aplicable;2018;41.38
Total Nacional;Galicia;3. Local: No aplicable;2017;40.83
Total Nacional;Galicia;3. Local: No aplicable;2016;45.38
Total Nacional;Galicia;3. Local: No aplicable;2015;48.17
Total Nacional;Galicia;3. Local: No aplicable;2014;49.25
Total Nacional;Galicia;3. Local: No aplicable;2013;53.64
Total Nacional;Madrid, Comunidad de;Total establecimientos;2019;718
Total Nacional;Madrid, Comunidad de;Total establecimientos;2018;756
Total Nacional;Madrid, Comunidad de;Total establecimientos;2017;749
Total Nacional;Madrid, Comunidad de;Total establecimientos;2016;733
Total Nacional;Madrid, Comunidad de;Total establecimientos;2015;719
Total Nacional;Madrid, Comunidad de;Total establecimientos;2014;630
Total Nacional;Madrid, Comunidad de;Total establecimientos;2013;603
Total Nacional;Madrid, Comunidad de;1. Estatal: Sí;2019;9.89
Total Nacional;Madrid, Comunidad de;1. Estatal: Sí;2018;8.33
Total Nacional;Madrid, Comunidad de;1. Estatal: Sí;2017;10.68
Total Nacional;Madrid, Comunidad de;1. Estatal: Sí;2016;9.55
Total Nacional;Madrid, Comunidad de;1. Estatal: Sí;2015;7.37
Total Nacional;Madrid, Comunidad de;1. Estatal: Sí;2014;7.46
Total Nacional;Madrid, Comunidad de;1. Estatal: Sí;2013;7.46
Total Nacional;Madrid, Comunidad de;1. Estatal: No;2019;44.85
Total Nacional;Madrid, Comunidad de;1. Estatal: No;2018;41.80
Total Nacional;Madrid, Comunidad de;1. Estatal: No;2017;41.79
Total Nacional;Madrid, Comunidad de;1. Estatal: No;2016;41.34
Total Nacional;Madrid, Comunidad de;1. Estatal: No;2015;36.44
Total Nacional;Madrid, Comunidad de;1. Estatal: No;2014;44.13
Total Nacional;Madrid, Comunidad de;1. Estatal: No;2013;41.13
Total Nacional;Madrid, Comunidad de;1. Estatal: No aplicable;2019;45.26
Total Nacional;Madrid, Comunidad de;1. Estatal: No aplicable;2018;49.87
Total Nacional;Madrid, Comunidad de;1. Estatal: No aplicable;2017;47.53
Total Nacional;Madrid, Comunidad de;1. Estatal: No aplicable;2016;49.11
Total Nacional;Madrid, Comunidad de;1. Estatal: No aplicable;2015;56.19
Total Nacional;Madrid, Comunidad de;1. Estatal: No aplicable;2014;48.41
Total Nacional;Madrid, Comunidad de;1. Estatal: No aplicable;2013;51.41
Total Nacional;Madrid, Comunidad de;2. Autonómica: Sí;2019;8.77
Total Nacional;Madrid, Comunidad de;2. Autonómica: Sí;2018;7.80
Total Nacional;Madrid, Comunidad de;2. Autonómica: Sí;2017;10.81
Total Nacional;Madrid, Comunidad de;2. Autonómica: Sí;2016;8.32
Total Nacional;Madrid, Comunidad de;2. Autonómica: Sí;2015;7.79
Total Nacional;Madrid, Comunidad de;2. Autonómica: Sí;2014;6.51
Total Nacional;Madrid, Comunidad de;2. Autonómica: Sí;2013;6.47
Total Nacional;Madrid, Comunidad de;2. Autonómica: No;2019;45.68
Total Nacional;Madrid, Comunidad de;2. Autonómica: No;2018;42.46
Total Nacional;Madrid, Comunidad de;2. Autonómica: No;2017;42.06
Total Nacional;Madrid, Comunidad de;2. Autonómica: No;2016;43.11
Total Nacional;Madrid, Comunidad de;2. Autonómica: No;2015;37.97
Total Nacional;Madrid, Comunidad de;2. Autonómica: No;2014;45.71
Total Nacional;Madrid, Comunidad de;2. Autonómica: No;2013;42.29
Total Nacional;Madrid, Comunidad de;2. Autonómica: No aplicable;2019;45.54
Total Nacional;Madrid, Comunidad de;2. Autonómica: No aplicable;2018;49.74
Total Nacional;Madrid, Comunidad de;2. Autonómica: No aplicable;2017;47.13
Total Nacional;Madrid, Comunidad de;2. Autonómica: No aplicable;2016;48.57
Total Nacional;Madrid, Comunidad de;2. Autonómica: No aplicable;2015;54.24
Total Nacional;Madrid, Comunidad de;2. Autonómica: No aplicable;2014;47.78
Total Nacional;Madrid, Comunidad de;2. Autonómica: No aplicable;2013;51.24
Total Nacional;Madrid, Comunidad de;3. Local: Sí;2019;8.64
Total Nacional;Madrid, Comunidad de;3. Local: Sí;2018;8.33
Total Nacional;Madrid, Comunidad de;3. Local: Sí;2017;10.95
Total Nacional;Madrid, Comunidad de;3. Local: Sí;2016;8.19
Total Nacional;Madrid, Comunidad de;3. Local: Sí;2015;8.48
Total Nacional;Madrid, Comunidad de;3. Local: Sí;2014;6.83
Total Nacional;Madrid, Comunidad de;3. Local: Sí;2013;5.97
Total Nacional;Madrid, Comunidad de;3. Local: No;2019;45.54
Total Nacional;Madrid, Comunidad de;3. Local: No;2018;42.06
Total Nacional;Madrid, Comunidad de;3. Local: No;2017;43.26
Total Nacional;Madrid, Comunidad de;3. Local: No;2016;43.11
Total Nacional;Madrid, Comunidad de;3. Local: No;2015;38.39
Total Nacional;Madrid, Comunidad de;3. Local: No;2014;45.87
Total Nacional;Madrid, Comunidad de;3. Local: No;2013;42.79
Total Nacional;Madrid, Comunidad de;3. Local: No aplicable;2019;45.82
Total Nacional;Madrid, Comunidad de;3. Local: No aplicable;2018;49.60
Total Nacional;Madrid, Comunidad de;3. Local: No aplicable;2017;45.79
Total Nacional;Madrid, Comunidad de;3. Local: No aplicable;2016;48.70
Total Nacional;Madrid, Comunidad de;3. Local: No aplicable;2015;53.13
Total Nacional;Madrid, Comunidad de;3. Local: No aplicable;2014;47.30
Total Nacional;Madrid, Comunidad de;3. Local: No aplicable;2013;51.24
Total Nacional;Murcia, Región de;Total establecimientos;2019;228
Total Nacional;Murcia, Región de;Total establecimientos;2018;279
Total Nacional;Murcia, Región de;Total establecimientos;2017;302
Total Nacional;Murcia, Región de;Total establecimientos;2016;291
Total Nacional;Murcia, Región de;Total establecimientos;2015;293
Total Nacional;Murcia, Región de;Total establecimientos;2014;280
Total Nacional;Murcia, Región de;Total establecimientos;2013;257
Total Nacional;Murcia, Región de;1. Estatal: Sí;2019;9.21
Total Nacional;Murcia, Región de;1. Estatal: Sí;2018;7.17
Total Nacional;Murcia, Región de;1. Estatal: Sí;2017;7.28
Total Nacional;Murcia, Región de;1. Estatal: Sí;2016;7.90
Total Nacional;Murcia, Región de;1. Estatal: Sí;2015;8.19
Total Nacional;Murcia, Región de;1. Estatal: Sí;2014;4.29
Total Nacional;Murcia, Región de;1. Estatal: Sí;2013;6.61
Total Nacional;Murcia, Región de;1. Estatal: No;2019;50.00
Total Nacional;Murcia, Región de;1. Estatal: No;2018;47.67
Total Nacional;Murcia, Región de;1. Estatal: No;2017;44.70
Total Nacional;Murcia, Región de;1. Estatal: No;2016;47.08
Total Nacional;Murcia, Región de;1. Estatal: No;2015;43.34
Total Nacional;Murcia, Región de;1. Estatal: No;2014;44.29
Total Nacional;Murcia, Región de;1. Estatal: No;2013;49.81
Total Nacional;Murcia, Región de;1. Estatal: No aplicable;2019;40.79
Total Nacional;Murcia, Región de;1. Estatal: No aplicable;2018;45.16
Total Nacional;Murcia, Región de;1. Estatal: No aplicable;2017;48.01
Total Nacional;Murcia, Región de;1. Estatal: No aplicable;2016;45.02
Total Nacional;Murcia, Región de;1. Estatal: No aplicable;2015;48.46
Total Nacional;Murcia, Región de;1. Estatal: No aplicable;2014;51.43
Total Nacional;Murcia, Región de;1. Estatal: No aplicable;2013;43.58
Total Nacional;Murcia, Región de;2. Autonómica: Sí;2019;13.60
Total Nacional;Murcia, Región de;2. Autonómica: Sí;2018;8.60
Total Nacional;Murcia, Región de;2. Autonómica: Sí;2017;9.93
Total Nacional;Murcia, Región de;2. Autonómica: Sí;2016;11.68
Total Nacional;Murcia, Región de;2. Autonómica: Sí;2015;7.17
Total Nacional;Murcia, Región de;2. Autonómica: Sí;2014;4.29
Total Nacional;Murcia, Región de;2. Autonómica: Sí;2013;7.00
Total Nacional;Murcia, Región de;2. Autonómica: No;2019;50.00
Total Nacional;Murcia, Región de;2. Autonómica: No;2018;48.03
Total Nacional;Murcia, Región de;2. Autonómica: No;2017;47.68
Total Nacional;Murcia, Región de;2. Autonómica: No;2016;46.39
Total Nacional;Murcia, Región de;2. Autonómica: No;2015;47.10
Total Nacional;Murcia, Región de;2. Autonómica: No;2014;45.71
Total Nacional;Murcia, Región de;2. Autonómica: No;2013;50.97
Total Nacional;Murcia, Región de;2. Autonómica: No aplicable;2019;36.40
Total Nacional;Murcia, Región de;2. Autonómica: No aplicable;2018;43.37
Total Nacional;Murcia, Región de;2. Autonómica: No aplicable;2017;42.38
Total Nacional;Murcia, Región de;2. Autonómica: No aplicable;2016;41.92
Total Nacional;Murcia, Región de;2. Autonómica: No aplicable;2015;45.73
Total Nacional;Murcia, Región de;2. Autonómica: No aplicable;2014;50.00
Total Nacional;Murcia, Región de;2. Autonómica: No aplicable;2013;42.02
Total Nacional;Murcia, Región de;3. Local: Sí;2019;14.91
Total Nacional;Murcia, Región de;3. Local: Sí;2018;8.96
Total Nacional;Murcia, Región de;3. Local: Sí;2017;9.93
Total Nacional;Murcia, Región de;3. Local: Sí;2016;13.40
Total Nacional;Murcia, Región de;3. Local: Sí;2015;8.19
Total Nacional;Murcia, Región de;3. Local: Sí;2014;4.64
Total Nacional;Murcia, Región de;3. Local: Sí;2013;7.00
Total Nacional;Murcia, Región de;3. Local: No;2019;47.81
Total Nacional;Murcia, Región de;3. Local: No;2018;48.03
Total Nacional;Murcia, Región de;3. Local: No;2017;47.35
Total Nacional;Murcia, Región de;3. Local: No;2016;46.39
Total Nacional;Murcia, Región de;3. Local: No;2015;47.78
Total Nacional;Murcia, Región de;3. Local: No;2014;45.36
Total Nacional;Murcia, Región de;3. Local: No;2013;51.36
Total Nacional;Murcia, Región de;3. Local: No aplicable;2019;37.28
Total Nacional;Murcia, Región de;3. Local: No aplicable;2018;43.01
Total Nacional;Murcia, Región de;3. Local: No aplicable;2017;42.72
Total Nacional;Murcia, Región de;3. Local: No aplicable;2016;40.21
Total Nacional;Murcia, Región de;3. Local: No aplicable;2015;44.03
Total Nacional;Murcia, Región de;3. Local: No aplicable;2014;50.00
Total Nacional;Murcia, Región de;3. Local: No aplicable;2013;41.63
Total Nacional;Navarra, Comunidad Foral de;Total establecimientos;2019;267
Total Nacional;Navarra, Comunidad Foral de;Total establecimientos;2018;253
Total Nacional;Navarra, Comunidad Foral de;Total establecimientos;2017;327
Total Nacional;Navarra, Comunidad Foral de;Total establecimientos;2016;334
Total Nacional;Navarra, Comunidad Foral de;Total establecimientos;2015;333
Total Nacional;Navarra, Comunidad Foral de;Total establecimientos;2014;330
Total Nacional;Navarra, Comunidad Foral de;Total establecimientos;2013;279
Total Nacional;Navarra, Comunidad Foral de;1. Estatal: Sí;2019;4.87
Total Nacional;Navarra, Comunidad Foral de;1. Estatal: Sí;2018;4.74
Total Nacional;Navarra, Comunidad Foral de;1. Estatal: Sí;2017;3.67
Total Nacional;Navarra, Comunidad Foral de;1. Estatal: Sí;2016;4.79
Total Nacional;Navarra, Comunidad Foral de;1. Estatal: Sí;2015;6.01
Total Nacional;Navarra, Comunidad Foral de;1. Estatal: Sí;2014;3.64
Total Nacional;Navarra, Comunidad Foral de;1. Estatal: Sí;2013;3.58
Total Nacional;Navarra, Comunidad Foral de;1. Estatal: No;2019;39.33
Total Nacional;Navarra, Comunidad Foral de;1. Estatal: No;2018;49.01
Total Nacional;Navarra, Comunidad Foral de;1. Estatal: No;2017;41.90
Total Nacional;Navarra, Comunidad Foral de;1. Estatal: No;2016;35.33
Total Nacional;Navarra, Comunidad Foral de;1. Estatal: No;2015;38.44
Total Nacional;Navarra, Comunidad Foral de;1. Estatal: No;2014;36.06
Total Nacional;Navarra, Comunidad Foral de;1. Estatal: No;2013;37.99
Total Nacional;Navarra, Comunidad Foral de;1. Estatal: No aplicable;2019;55.81
Total Nacional;Navarra, Comunidad Foral de;1. Estatal: No aplicable;2018;46.25
Total Nacional;Navarra, Comunidad Foral de;1. Estatal: No aplicable;2017;54.43
Total Nacional;Navarra, Comunidad Foral de;1. Estatal: No aplicable;2016;59.88
Total Nacional;Navarra, Comunidad Foral de;1. Estatal: No aplicable;2015;55.56
Total Nacional;Navarra, Comunidad Foral de;1. Estatal: No aplicable;2014;60.30
Total Nacional;Navarra, Comunidad Foral de;1. Estatal: No aplicable;2013;58.42
Total Nacional;Navarra, Comunidad Foral de;2. Autonómica: Sí;2019;6.37
Total Nacional;Navarra, Comunidad Foral de;2. Autonómica: Sí;2018;7.11
Total Nacional;Navarra, Comunidad Foral de;2. Autonómica: Sí;2017;5.20
Total Nacional;Navarra, Comunidad Foral de;2. Autonómica: Sí;2016;6.89
Total Nacional;Navarra, Comunidad Foral de;2. Autonómica: Sí;2015;6.91
Total Nacional;Navarra, Comunidad Foral de;2. Autonómica: Sí;2014;7.27
Total Nacional;Navarra, Comunidad Foral de;2. Autonómica: Sí;2013;4.66
Total Nacional;Navarra, Comunidad Foral de;2. Autonómica: No;2019;42.70
Total Nacional;Navarra, Comunidad Foral de;2. Autonómica: No;2018;53.36
Total Nacional;Navarra, Comunidad Foral de;2. Autonómica: No;2017;46.79
Total Nacional;Navarra, Comunidad Foral de;2. Autonómica: No;2016;40.42
Total Nacional;Navarra, Comunidad Foral de;2. Autonómica: No;2015;42.34
Total Nacional;Navarra, Comunidad Foral de;2. Autonómica: No;2014;37.58
Total Nacional;Navarra, Comunidad Foral de;2. Autonómica: No;2013;41.94
Total Nacional;Navarra, Comunidad Foral de;2. Autonómica: No aplicable;2019;50.94
Total Nacional;Navarra, Comunidad Foral de;2. Autonómica: No aplicable;2018;39.53
Total Nacional;Navarra, Comunidad Foral de;2. Autonómica: No aplicable;2017;48.01
Total Nacional;Navarra, Comunidad Foral de;2. Autonómica: No aplicable;2016;52.69
Total Nacional;Navarra, Comunidad Foral de;2. Autonómica: No aplicable;2015;50.75
Total Nacional;Navarra, Comunidad Foral de;2. Autonómica: No aplicable;2014;55.15
Total Nacional;Navarra, Comunidad Foral de;2. Autonómica: No aplicable;2013;53.41
Total Nacional;Navarra, Comunidad Foral de;3. Local: Sí;2019;7.49
Total Nacional;Navarra, Comunidad Foral de;3. Local: Sí;2018;6.32
Total Nacional;Navarra, Comunidad Foral de;3. Local: Sí;2017;5.81
Total Nacional;Navarra, Comunidad Foral de;3. Local: Sí;2016;6.29
Total Nacional;Navarra, Comunidad Foral de;3. Local: Sí;2015;6.01
Total Nacional;Navarra, Comunidad Foral de;3. Local: Sí;2014;7.27
Total Nacional;Navarra, Comunidad Foral de;3. Local: Sí;2013;3.23
Total Nacional;Navarra, Comunidad Foral de;3. Local: No;2019;40.07
Total Nacional;Navarra, Comunidad Foral de;3. Local: No;2018;52.17
Total Nacional;Navarra, Comunidad Foral de;3. Local: No;2017;46.18
Total Nacional;Navarra, Comunidad Foral de;3. Local: No;2016;40.12
Total Nacional;Navarra, Comunidad Foral de;3. Local: No;2015;41.74
Total Nacional;Navarra, Comunidad Foral de;3. Local: No;2014;38.79
Total Nacional;Navarra, Comunidad Foral de;3. Local: No;2013;41.22
Total Nacional;Navarra, Comunidad Foral de;3. Local: No aplicable;2019;52.43
Total Nacional;Navarra, Comunidad Foral de;3. Local: No aplicable;2018;41.50
Total Nacional;Navarra, Comunidad Foral de;3. Local: No aplicable;2017;48.01
Total Nacional;Navarra, Comunidad Foral de;3. Local: No aplicable;2016;53.59
Total Nacional;Navarra, Comunidad Foral de;3. Local: No aplicable;2015;52.25
Total Nacional;Navarra, Comunidad Foral de;3. Local: No aplicable;2014;53.94
Total Nacional;Navarra, Comunidad Foral de;3. Local: No aplicable;2013;55.56
Total Nacional;País Vasco;Total establecimientos;2019;292
Total Nacional;País Vasco;Total establecimientos;2018;304
Total Nacional;País Vasco;Total establecimientos;2017;350
Total Nacional;País Vasco;Total establecimientos;2016;342
Total Nacional;País Vasco;Total establecimientos;2015;339
Total Nacional;País Vasco;Total establecimientos;2014;320
Total Nacional;País Vasco;Total establecimientos;2013;317
Total Nacional;País Vasco;1. Estatal: Sí;2019;8.22
Total Nacional;País Vasco;1. Estatal: Sí;2018;6.91
Total Nacional;País Vasco;1. Estatal: Sí;2017;8.00
Total Nacional;País Vasco;1. Estatal: Sí;2016;6.73
Total Nacional;País Vasco;1. Estatal: Sí;2015;7.08
Total Nacional;País Vasco;1. Estatal: Sí;2014;3.44
Total Nacional;País Vasco;1. Estatal: Sí;2013;3.15
Total Nacional;País Vasco;1. Estatal: No;2019;44.52
Total Nacional;País Vasco;1. Estatal: No;2018;46.38
Total Nacional;País Vasco;1. Estatal: No;2017;39.71
Total Nacional;País Vasco;1. Estatal: No;2016;45.61
Total Nacional;País Vasco;1. Estatal: No;2015;42.48
Total Nacional;País Vasco;1. Estatal: No;2014;38.75
Total Nacional;País Vasco;1. Estatal: No;2013;44.16
Total Nacional;País Vasco;1. Estatal: No aplicable;2019;47.26
Total Nacional;País Vasco;1. Estatal: No aplicable;2018;46.71
Total Nacional;País Vasco;1. Estatal: No aplicable;2017;52.29
Total Nacional;País Vasco;1. Estatal: No aplicable;2016;47.66
Total Nacional;País Vasco;1. Estatal: No aplicable;2015;50.44
Total Nacional;País Vasco;1. Estatal: No aplicable;2014;57.81
Total Nacional;País Vasco;1. Estatal: No aplicable;2013;52.68
Total Nacional;País Vasco;2. Autonómica: Sí;2019;12.33
Total Nacional;País Vasco;2. Autonómica: Sí;2018;9.54
Total Nacional;País Vasco;2. Autonómica: Sí;2017;10.00
Total Nacional;País Vasco;2. Autonómica: Sí;2016;7.89
Total Nacional;País Vasco;2. Autonómica: Sí;2015;7.37
Total Nacional;País Vasco;2. Autonómica: Sí;2014;3.44
Total Nacional;País Vasco;2. Autonómica: Sí;2013;4.73
Total Nacional;País Vasco;2. Autonómica: No;2019;47.26
Total Nacional;País Vasco;2. Autonómica: No;2018;53.95
Total Nacional;País Vasco;2. Autonómica: No;2017;46.29
Total Nacional;País Vasco;2. Autonómica: No;2016;52.05
Total Nacional;País Vasco;2. Autonómica: No;2015;46.90
Total Nacional;País Vasco;2. Autonómica: No;2014;43.13
Total Nacional;País Vasco;2. Autonómica: No;2013;48.26
Total Nacional;País Vasco;2. Autonómica: No aplicable;2019;40.41
Total Nacional;País Vasco;2. Autonómica: No aplicable;2018;36.51
Total Nacional;País Vasco;2. Autonómica: No aplicable;2017;43.71
Total Nacional;País Vasco;2. Autonómica: No aplicable;2016;40.06
Total Nacional;País Vasco;2. Autonómica: No aplicable;2015;45.72
Total Nacional;País Vasco;2. Autonómica: No aplicable;2014;53.44
Total Nacional;País Vasco;2. Autonómica: No aplicable;2013;47.00
Total Nacional;País Vasco;3. Local: Sí;2019;10.27
Total Nacional;País Vasco;3. Local: Sí;2018;8.22
Total Nacional;País Vasco;3. Local: Sí;2017;10.29
Total Nacional;País Vasco;3. Local: Sí;2016;5.56
Total Nacional;País Vasco;3. Local: Sí;2015;6.49
Total Nacional;País Vasco;3. Local: Sí;2014;3.75
Total Nacional;País Vasco;3. Local: Sí;2013;3.79
Total Nacional;País Vasco;3. Local: No;2019;48.97
Total Nacional;País Vasco;3. Local: No;2018;54.28
Total Nacional;País Vasco;3. Local: No;2017;46.86
Total Nacional;País Vasco;3. Local: No;2016;52.63
Total Nacional;País Vasco;3. Local: No;2015;47.20
Total Nacional;País Vasco;3. Local: No;2014;42.81
Total Nacional;País Vasco;3. Local: No;2013;48.90
Total Nacional;País Vasco;3. Local: No aplicable;2019;40.75
Total Nacional;País Vasco;3. Local: No aplicable;2018;37.50
Total Nacional;País Vasco;3. Local: No aplicable;2017;42.86
Total Nacional;País Vasco;3. Local: No aplicable;2016;41.81
Total Nacional;País Vasco;3. Local: No aplicable;2015;46.31
Total Nacional;País Vasco;3. Local: No aplicable;2014;53.44
Total Nacional;País Vasco;3. Local: No aplicable;2013;47.32
Total Nacional;Rioja, La;Total establecimientos;2019;216
Total Nacional;Rioja, La;Total establecimientos;2018;225
Total Nacional;Rioja, La;Total establecimientos;2017;281
Total Nacional;Rioja, La;Total establecimientos;2016;282
Total Nacional;Rioja, La;Total establecimientos;2015;284
Total Nacional;Rioja, La;Total establecimientos;2014;284
Total Nacional;Rioja, La;Total establecimientos;2013;249
Total Nacional;Rioja, La;1. Estatal: Sí;2019;7.41
Total Nacional;Rioja, La;1. Estatal: Sí;2018;7.11
Total Nacional;Rioja, La;1. Estatal: Sí;2017;3.56
Total Nacional;Rioja, La;1. Estatal: Sí;2016;6.38
Total Nacional;Rioja, La;1. Estatal: Sí;2015;5.99
Total Nacional;Rioja, La;1. Estatal: Sí;2014;4.23
Total Nacional;Rioja, La;1. Estatal: Sí;2013;4.02
Total Nacional;Rioja, La;1. Estatal: No;2019;49.54
Total Nacional;Rioja, La;1. Estatal: No;2018;54.22
Total Nacional;Rioja, La;1. Estatal: No;2017;48.40
Total Nacional;Rioja, La;1. Estatal: No;2016;43.97
Total Nacional;Rioja, La;1. Estatal: No;2015;38.73
Total Nacional;Rioja, La;1. Estatal: No;2014;39.08
Total Nacional;Rioja, La;1. Estatal: No;2013;47.39
Total Nacional;Rioja, La;1. Estatal: No aplicable;2019;43.06
Total Nacional;Rioja, La;1. Estatal: No aplicable;2018;38.67
Total Nacional;Rioja, La;1. Estatal: No aplicable;2017;48.04
Total Nacional;Rioja, La;1. Estatal: No aplicable;2016;49.65
Total Nacional;Rioja, La;1. Estatal: No aplicable;2015;55.28
Total Nacional;Rioja, La;1. Estatal: No aplicable;2014;56.69
Total Nacional;Rioja, La;1. Estatal: No aplicable;2013;48.59
Total Nacional;Rioja, La;2. Autonómica: Sí;2019;9.72
Total Nacional;Rioja, La;2. Autonómica: Sí;2018;8.44
Total Nacional;Rioja, La;2. Autonómica: Sí;2017;6.41
Total Nacional;Rioja, La;2. Autonómica: Sí;2016;7.09
Total Nacional;Rioja, La;2. Autonómica: Sí;2015;5.63
Total Nacional;Rioja, La;2. Autonómica: Sí;2014;6.34
Total Nacional;Rioja, La;2. Autonómica: Sí;2013;4.02
Total Nacional;Rioja, La;2. Autonómica: No;2019;51.85
Total Nacional;Rioja, La;2. Autonómica: No;2018;55.11
Total Nacional;Rioja, La;2. Autonómica: No;2017;47.69
Total Nacional;Rioja, La;2. Autonómica: No;2016;43.97
Total Nacional;Rioja, La;2. Autonómica: No;2015;40.49
Total Nacional;Rioja, La;2. Autonómica: No;2014;39.08
Total Nacional;Rioja, La;2. Autonómica: No;2013;48.19
Total Nacional;Rioja, La;2. Autonómica: No aplicable;2019;38.43
Total Nacional;Rioja, La;2. Autonómica: No aplicable;2018;36.44
Total Nacional;Rioja, La;2. Autonómica: No aplicable;2017;45.91
Total Nacional;Rioja, La;2. Autonómica: No aplicable;2016;48.94
Total Nacional;Rioja, La;2. Autonómica: No aplicable;2015;53.87
Total Nacional;Rioja, La;2. Autonómica: No aplicable;2014;54.58
Total Nacional;Rioja, La;2. Autonómica: No aplicable;2013;47.79
Total Nacional;Rioja, La;3. Local: Sí;2019;9.72
Total Nacional;Rioja, La;3. Local: Sí;2018;8.89
Total Nacional;Rioja, La;3. Local: Sí;2017;6.05
Total Nacional;Rioja, La;3. Local: Sí;2016;7.09
Total Nacional;Rioja, La;3. Local: Sí;2015;5.63
Total Nacional;Rioja, La;3. Local: Sí;2014;6.34
Total Nacional;Rioja, La;3. Local: Sí;2013;4.02
Total Nacional;Rioja, La;3. Local: No;2019;51.39
Total Nacional;Rioja, La;3. Local: No;2018;56.44
Total Nacional;Rioja, La;3. Local: No;2017;48.04
Total Nacional;Rioja, La;3. Local: No;2016;44.68
Total Nacional;Rioja, La;3. Local: No;2015;40.85
Total Nacional;Rioja, La;3. Local: No;2014;39.79
Total Nacional;Rioja, La;3. Local: No;2013;47.79
Total Nacional;Rioja, La;3. Local: No aplicable;2019;38.89
Total Nacional;Rioja, La;3. Local: No aplicable;2018;34.67
Total Nacional;Rioja, La;3. Local: No aplicable;2017;45.91
Total Nacional;Rioja, La;3. Local: No aplicable;2016;48.23
Total Nacional;Rioja, La;3. Local: No aplicable;2015;53.52
Total Nacional;Rioja, La;3. Local: No aplicable;2014;53.87
Total Nacional;Rioja, La;3. Local: No aplicable;2013;48.19
