Nacional;Comunidades y Ciudades Autonomas;Sexo;Periodo;Total
Total;;Total;2021;47385107
Total;;Total;2020;47450795
Total;;Total;2019;47026208
Total;;Total;2018;46722980
Total;;Total;2017;46572132
Total;;Total;2016;46557008
Total;;Total;2015;46624382
Total;;Total;2014;46771341
Total;;Total;2013;47129783
Total;;Total;2012;47265321
Total;;Total;2011;47190493
Total;;Total;2010;47021031
Total;;Total;2009;46745807
Total;;Total;2008;46157822
Total;;Total;2007;45200737
Total;;Total;2006;44708964
Total;;Total;2005;44108530
Total;;Total;2004;43197684
Total;;Total;2003;42717064
Total;;Total;2002;41837894
Total;;Total;2001;41116842
Total;;Total;2000;40499791
Total;;Total;1999;40202160
Total;;Total;1998;39852651
Total;;Total;1997;""
Total;;Total;1996;39669394
Total;;Hombres;2021;23222953
Total;;Hombres;2020;23255590
Total;;Hombres;2019;23042428
Total;;Hombres;2018;22896602
Total;;Hombres;2017;22832861
Total;;Hombres;2016;22843610
Total;;Hombres;2015;22890383
Total;;Hombres;2014;22985676
Total;;Hombres;2013;23196386
Total;;Hombres;2012;23298356
Total;;Hombres;2011;23283187
Total;;Hombres;2010;23226185
Total;;Hombres;2009;23116988
Total;;Hombres;2008;22847737
Total;;Hombres;2007;22339962
Total;;Hombres;2006;22100466
Total;;Hombres;2005;21780869
Total;;Hombres;2004;21285247
Total;;Hombres;2003;21034326
Total;;Hombres;2002;20564089
Total;;Hombres;2001;20165514
Total;;Hombres;2000;19821384
Total;;Hombres;1999;19670642
Total;;Hombres;1998;19488465
Total;;Hombres;1997;""
Total;;Hombres;1996;19399549
Total;;Mujeres;2021;24162154
Total;;Mujeres;2020;24195205
Total;;Mujeres;2019;23983780
Total;;Mujeres;2018;23826378
Total;;Mujeres;2017;23739271
Total;;Mujeres;2016;23713398
Total;;Mujeres;2015;23733999
Total;;Mujeres;2014;23785665
Total;;Mujeres;2013;23933397
Total;;Mujeres;2012;23966965
Total;;Mujeres;2011;23907306
Total;;Mujeres;2010;23794846
Total;;Mujeres;2009;23628819
Total;;Mujeres;2008;23310085
Total;;Mujeres;2007;22860775
Total;;Mujeres;2006;22608498
Total;;Mujeres;2005;22327661
Total;;Mujeres;2004;21912437
Total;;Mujeres;2003;21682738
Total;;Mujeres;2002;21273805
Total;;Mujeres;2001;20951328
Total;;Mujeres;2000;20678407
Total;;Mujeres;1999;20531518
Total;;Mujeres;1998;20364186
Total;;Mujeres;1997;""
Total;;Mujeres;1996;20269845
Total;01 Andaluc?a;Total;2021;8472407
Total;01 Andaluc?a;Total;2020;8464411
Total;01 Andaluc?a;Total;2019;8414240
Total;01 Andaluc?a;Total;2018;8384408
Total;01 Andaluc?a;Total;2017;8379820
Total;01 Andaluc?a;Total;2016;8388107
Total;01 Andaluc?a;Total;2015;8399043
Total;01 Andaluc?a;Total;2014;8402305
Total;01 Andaluc?a;Total;2013;8440300
Total;01 Andaluc?a;Total;2012;8449985
Total;01 Andaluc?a;Total;2011;8424102
Total;01 Andaluc?a;Total;2010;8370975
Total;01 Andaluc?a;Total;2009;8302923
Total;01 Andaluc?a;Total;2008;8202220
Total;01 Andaluc?a;Total;2007;8059461
Total;01 Andaluc?a;Total;2006;7975672
Total;01 Andaluc?a;Total;2005;7849799
Total;01 Andaluc?a;Total;2004;7687518
Total;01 Andaluc?a;Total;2003;7606848
Total;01 Andaluc?a;Total;2002;7478432
Total;01 Andaluc?a;Total;2001;7403968
Total;01 Andaluc?a;Total;2000;7340052
Total;01 Andaluc?a;Total;1999;7305117
Total;01 Andaluc?a;Total;1998;7236459
Total;01 Andaluc?a;Total;1997;""
Total;01 Andaluc?a;Total;1996;7234873
Total;01 Andaluc?a;Hombres;2021;4173339
Total;01 Andaluc?a;Hombres;2020;4170605
Total;01 Andaluc?a;Hombres;2019;4147167
Total;01 Andaluc?a;Hombres;2018;4133898
Total;01 Andaluc?a;Hombres;2017;4133835
Total;01 Andaluc?a;Hombres;2016;4139194
Total;01 Andaluc?a;Hombres;2015;4144532
Total;01 Andaluc?a;Hombres;2014;4148701
Total;01 Andaluc?a;Hombres;2013;4170654
Total;01 Andaluc?a;Hombres;2012;4180285
Total;01 Andaluc?a;Hombres;2011;4169634
Total;01 Andaluc?a;Hombres;2010;4144856
Total;01 Andaluc?a;Hombres;2009;4113383
Total;01 Andaluc?a;Hombres;2008;4071500
Total;01 Andaluc?a;Hombres;2007;3999243
Total;01 Andaluc?a;Hombres;2006;3958565
Total;01 Andaluc?a;Hombres;2005;3889605
Total;01 Andaluc?a;Hombres;2004;3800208
Total;01 Andaluc?a;Hombres;2003;3757370
Total;01 Andaluc?a;Hombres;2002;3687421
Total;01 Andaluc?a;Hombres;2001;3647194
Total;01 Andaluc?a;Hombres;2000;3609412
Total;01 Andaluc?a;Hombres;1999;3592680
Total;01 Andaluc?a;Hombres;1998;3558950
Total;01 Andaluc?a;Hombres;1997;""
Total;01 Andaluc?a;Hombres;1996;3559436
Total;01 Andaluc?a;Mujeres;2021;4299068
Total;01 Andaluc?a;Mujeres;2020;4293806
Total;01 Andaluc?a;Mujeres;2019;4267073
Total;01 Andaluc?a;Mujeres;2018;4250510
Total;01 Andaluc?a;Mujeres;2017;4245985
Total;01 Andaluc?a;Mujeres;2016;4248913
Total;01 Andaluc?a;Mujeres;2015;4254511
Total;01 Andaluc?a;Mujeres;2014;4253604
Total;01 Andaluc?a;Mujeres;2013;4269646
Total;01 Andaluc?a;Mujeres;2012;4269700
Total;01 Andaluc?a;Mujeres;2011;4254468
Total;01 Andaluc?a;Mujeres;2010;4226119
Total;01 Andaluc?a;Mujeres;2009;4189540
Total;01 Andaluc?a;Mujeres;2008;4130720
Total;01 Andaluc?a;Mujeres;2007;4060218
Total;01 Andaluc?a;Mujeres;2006;4017107
Total;01 Andaluc?a;Mujeres;2005;3960194
Total;01 Andaluc?a;Mujeres;2004;3887310
Total;01 Andaluc?a;Mujeres;2003;3849478
Total;01 Andaluc?a;Mujeres;2002;3791011
Total;01 Andaluc?a;Mujeres;2001;3756774
Total;01 Andaluc?a;Mujeres;2000;3730640
Total;01 Andaluc?a;Mujeres;1999;3712437
Total;01 Andaluc?a;Mujeres;1998;3677509
Total;01 Andaluc?a;Mujeres;1997;""
Total;01 Andaluc?a;Mujeres;1996;3675437
Total;02 Arag?n;Total;2021;1326261
Total;02 Arag?n;Total;2020;1329391
Total;02 Arag?n;Total;2019;1319291
Total;02 Arag?n;Total;2018;1308728
Total;02 Arag?n;Total;2017;1308750
Total;02 Arag?n;Total;2016;1308563
Total;02 Arag?n;Total;2015;1317847
Total;02 Arag?n;Total;2014;1325385
Total;02 Arag?n;Total;2013;1347150
Total;02 Arag?n;Total;2012;1349467
Total;02 Arag?n;Total;2011;1346293
Total;02 Arag?n;Total;2010;1347095
Total;02 Arag?n;Total;2009;1345473
Total;02 Arag?n;Total;2008;1326918
Total;02 Arag?n;Total;2007;1296655
Total;02 Arag?n;Total;2006;1277471
Total;02 Arag?n;Total;2005;1269027
Total;02 Arag?n;Total;2004;1249584
Total;02 Arag?n;Total;2003;1230090
Total;02 Arag?n;Total;2002;1217514
Total;02 Arag?n;Total;2001;1199753
Total;02 Arag?n;Total;2000;1189909
Total;02 Arag?n;Total;1999;1186849
Total;02 Arag?n;Total;1998;1183234
Total;02 Arag?n;Total;1997;""
Total;02 Arag?n;Total;1996;1187546
Total;02 Arag?n;Hombres;2021;655248
Total;02 Arag?n;Hombres;2020;656056
Total;02 Arag?n;Hombres;2019;650694
Total;02 Arag?n;Hombres;2018;645498
Total;02 Arag?n;Hombres;2017;645895
Total;02 Arag?n;Hombres;2016;647206
Total;02 Arag?n;Hombres;2015;652687
Total;02 Arag?n;Hombres;2014;656964
Total;02 Arag?n;Hombres;2013;669987
Total;02 Arag?n;Hombres;2012;671898
Total;02 Arag?n;Hombres;2011;671286
Total;02 Arag?n;Hombres;2010;673177
Total;02 Arag?n;Hombres;2009;673819
Total;02 Arag?n;Hombres;2008;664403
Total;02 Arag?n;Hombres;2007;646996
Total;02 Arag?n;Hombres;2006;636659
Total;02 Arag?n;Hombres;2005;632148
Total;02 Arag?n;Hombres;2004;620874
Total;02 Arag?n;Hombres;2003;610210
Total;02 Arag?n;Hombres;2002;603149
Total;02 Arag?n;Hombres;2001;592682
Total;02 Arag?n;Hombres;2000;586122
Total;02 Arag?n;Hombres;1999;584361
Total;02 Arag?n;Hombres;1998;582366
Total;02 Arag?n;Hombres;1997;""
Total;02 Arag?n;Hombres;1996;584535
Total;02 Arag?n;Mujeres;2021;671013
Total;02 Arag?n;Mujeres;2020;673335
Total;02 Arag?n;Mujeres;2019;668597
Total;02 Arag?n;Mujeres;2018;663230
Total;02 Arag?n;Mujeres;2017;662855
Total;02 Arag?n;Mujeres;2016;661357
Total;02 Arag?n;Mujeres;2015;665160
Total;02 Arag?n;Mujeres;2014;668421
Total;02 Arag?n;Mujeres;2013;677163
Total;02 Arag?n;Mujeres;2012;677569
Total;02 Arag?n;Mujeres;2011;675007
Total;02 Arag?n;Mujeres;2010;673918
Total;02 Arag?n;Mujeres;2009;671654
Total;02 Arag?n;Mujeres;2008;662515
Total;02 Arag?n;Mujeres;2007;649659
Total;02 Arag?n;Mujeres;2006;640812
Total;02 Arag?n;Mujeres;2005;636879
Total;02 Arag?n;Mujeres;2004;628710
Total;02 Arag?n;Mujeres;2003;619880
Total;02 Arag?n;Mujeres;2002;614365
Total;02 Arag?n;Mujeres;2001;607071
Total;02 Arag?n;Mujeres;2000;603787
Total;02 Arag?n;Mujeres;1999;602488
Total;02 Arag?n;Mujeres;1998;600868
Total;02 Arag?n;Mujeres;1997;""
Total;02 Arag?n;Mujeres;1996;603011
Total;03 Asturias, Principado de;Total;2021;1011792
Total;03 Asturias, Principado de;Total;2020;1018784
Total;03 Asturias, Principado de;Total;2019;1022800
Total;03 Asturias, Principado de;Total;2018;1028244
Total;03 Asturias, Principado de;Total;2017;1034960
Total;03 Asturias, Principado de;Total;2016;1042608
Total;03 Asturias, Principado de;Total;2015;1051229
Total;03 Asturias, Principado de;Total;2014;1061756
Total;03 Asturias, Principado de;Total;2013;1068165
Total;03 Asturias, Principado de;Total;2012;1077360
Total;03 Asturias, Principado de;Total;2011;1081487
Total;03 Asturias, Principado de;Total;2010;1084341
Total;03 Asturias, Principado de;Total;2009;1085289
Total;03 Asturias, Principado de;Total;2008;1080138
Total;03 Asturias, Principado de;Total;2007;1074862
Total;03 Asturias, Principado de;Total;2006;1076896
Total;03 Asturias, Principado de;Total;2005;1076635
Total;03 Asturias, Principado de;Total;2004;1073761
Total;03 Asturias, Principado de;Total;2003;1075381
Total;03 Asturias, Principado de;Total;2002;1073971
Total;03 Asturias, Principado de;Total;2001;1075329
Total;03 Asturias, Principado de;Total;2000;1076567
Total;03 Asturias, Principado de;Total;1999;1084314
Total;03 Asturias, Principado de;Total;1998;1081834
Total;03 Asturias, Principado de;Total;1997;""
Total;03 Asturias, Principado de;Total;1996;1087885
Total;03 Asturias, Principado de;Hombres;2021;482665
Total;03 Asturias, Principado de;Hombres;2020;486066
Total;03 Asturias, Principado de;Hombres;2019;488137
Total;03 Asturias, Principado de;Hombres;2018;490738
Total;03 Asturias, Principado de;Hombres;2017;493911
Total;03 Asturias, Principado de;Hombres;2016;497852
Total;03 Asturias, Principado de;Hombres;2015;502175
Total;03 Asturias, Principado de;Hombres;2014;507927
Total;03 Asturias, Principado de;Hombres;2013;511346
Total;03 Asturias, Principado de;Hombres;2012;516420
Total;03 Asturias, Principado de;Hombres;2011;518571
Total;03 Asturias, Principado de;Hombres;2010;520402
Total;03 Asturias, Principado de;Hombres;2009;520916
Total;03 Asturias, Principado de;Hombres;2008;518291
Total;03 Asturias, Principado de;Hombres;2007;515292
Total;03 Asturias, Principado de;Hombres;2006;516347
Total;03 Asturias, Principado de;Hombres;2005;516329
Total;03 Asturias, Principado de;Hombres;2004;515047
Total;03 Asturias, Principado de;Hombres;2003;515945
Total;03 Asturias, Principado de;Hombres;2002;515166
Total;03 Asturias, Principado de;Hombres;2001;515897
Total;03 Asturias, Principado de;Hombres;2000;516398
Total;03 Asturias, Principado de;Hombres;1999;520012
Total;03 Asturias, Principado de;Hombres;1998;519530
Total;03 Asturias, Principado de;Hombres;1997;""
Total;03 Asturias, Principado de;Hombres;1996;522981
Total;03 Asturias, Principado de;Mujeres;2021;529127
Total;03 Asturias, Principado de;Mujeres;2020;532718
Total;03 Asturias, Principado de;Mujeres;2019;534663
Total;03 Asturias, Principado de;Mujeres;2018;537506
Total;03 Asturias, Principado de;Mujeres;2017;541049
Total;03 Asturias, Principado de;Mujeres;2016;544756
Total;03 Asturias, Principado de;Mujeres;2015;549054
Total;03 Asturias, Principado de;Mujeres;2014;553829
Total;03 Asturias, Principado de;Mujeres;2013;556819
Total;03 Asturias, Principado de;Mujeres;2012;560940
Total;03 Asturias, Principado de;Mujeres;2011;562916
Total;03 Asturias, Principado de;Mujeres;2010;563939
Total;03 Asturias, Principado de;Mujeres;2009;564373
Total;03 Asturias, Principado de;Mujeres;2008;561847
Total;03 Asturias, Principado de;Mujeres;2007;559570
Total;03 Asturias, Principado de;Mujeres;2006;560549
Total;03 Asturias, Principado de;Mujeres;2005;560306
Total;03 Asturias, Principado de;Mujeres;2004;558714
Total;03 Asturias, Principado de;Mujeres;2003;559436
Total;03 Asturias, Principado de;Mujeres;2002;558805
Total;03 Asturias, Principado de;Mujeres;2001;559432
Total;03 Asturias, Principado de;Mujeres;2000;560169
Total;03 Asturias, Principado de;Mujeres;1999;564302
Total;03 Asturias, Principado de;Mujeres;1998;562304
Total;03 Asturias, Principado de;Mujeres;1997;""
Total;03 Asturias, Principado de;Mujeres;1996;564904
Total;04 Balears, Illes;Total;2021;1173008
Total;04 Balears, Illes;Total;2020;1171543
Total;04 Balears, Illes;Total;2019;1149460
Total;04 Balears, Illes;Total;2018;1128908
Total;04 Balears, Illes;Total;2017;1115999
Total;04 Balears, Illes;Total;2016;1107220
Total;04 Balears, Illes;Total;2015;1104479
Total;04 Balears, Illes;Total;2014;1103442
Total;04 Balears, Illes;Total;2013;1111674
Total;04 Balears, Illes;Total;2012;1119439
Total;04 Balears, Illes;Total;2011;1113114
Total;04 Balears, Illes;Total;2010;1106049
Total;04 Balears, Illes;Total;2009;1095426
Total;04 Balears, Illes;Total;2008;1072844
Total;04 Balears, Illes;Total;2007;1030650
Total;04 Balears, Illes;Total;2006;1001062
Total;04 Balears, Illes;Total;2005;983131
Total;04 Balears, Illes;Total;2004;955045
Total;04 Balears, Illes;Total;2003;947361
Total;04 Balears, Illes;Total;2002;916968
Total;04 Balears, Illes;Total;2001;878627
Total;04 Balears, Illes;Total;2000;845630
Total;04 Balears, Illes;Total;1999;821820
Total;04 Balears, Illes;Total;1998;796483
Total;04 Balears, Illes;Total;1997;""
Total;04 Balears, Illes;Total;1996;760379
Total;04 Balears, Illes;Hombres;2021;584853
Total;04 Balears, Illes;Hombres;2020;584298
Total;04 Balears, Illes;Hombres;2019;572757
Total;04 Balears, Illes;Hombres;2018;561803
Total;04 Balears, Illes;Hombres;2017;554925
Total;04 Balears, Illes;Hombres;2016;550682
Total;04 Balears, Illes;Hombres;2015;549678
Total;04 Balears, Illes;Hombres;2014;549801
Total;04 Balears, Illes;Hombres;2013;554603
Total;04 Balears, Illes;Hombres;2012;560091
Total;04 Balears, Illes;Hombres;2011;557577
Total;04 Balears, Illes;Hombres;2010;555204
Total;04 Balears, Illes;Hombres;2009;551079
Total;04 Balears, Illes;Hombres;2008;540395
Total;04 Balears, Illes;Hombres;2007;517593
Total;04 Balears, Illes;Hombres;2006;501899
Total;04 Balears, Illes;Hombres;2005;492642
Total;04 Balears, Illes;Hombres;2004;478046
Total;04 Balears, Illes;Hombres;2003;474248
Total;04 Balears, Illes;Hombres;2002;458349
Total;04 Balears, Illes;Hombres;2001;437340
Total;04 Balears, Illes;Hombres;2000;419095
Total;04 Balears, Illes;Hombres;1999;406358
Total;04 Balears, Illes;Hombres;1998;392835
Total;04 Balears, Illes;Hombres;1997;""
Total;04 Balears, Illes;Hombres;1996;373891
Total;04 Balears, Illes;Mujeres;2021;588155
Total;04 Balears, Illes;Mujeres;2020;587245
Total;04 Balears, Illes;Mujeres;2019;576703
Total;04 Balears, Illes;Mujeres;2018;567105
Total;04 Balears, Illes;Mujeres;2017;561074
Total;04 Balears, Illes;Mujeres;2016;556538
Total;04 Balears, Illes;Mujeres;2015;554801
Total;04 Balears, Illes;Mujeres;2014;553641
Total;04 Balears, Illes;Mujeres;2013;557071
Total;04 Balears, Illes;Mujeres;2012;559348
Total;04 Balears, Illes;Mujeres;2011;555537
Total;04 Balears, Illes;Mujeres;2010;550845
Total;04 Balears, Illes;Mujeres;2009;544347
Total;04 Balears, Illes;Mujeres;2008;532449
Total;04 Balears, Illes;Mujeres;2007;513057
Total;04 Balears, Illes;Mujeres;2006;499163
Total;04 Balears, Illes;Mujeres;2005;490489
Total;04 Balears, Illes;Mujeres;2004;476999
Total;04 Balears, Illes;Mujeres;2003;473113
Total;04 Balears, Illes;Mujeres;2002;458619
Total;04 Balears, Illes;Mujeres;2001;441287
Total;04 Balears, Illes;Mujeres;2000;426535
Total;04 Balears, Illes;Mujeres;1999;415462
Total;04 Balears, Illes;Mujeres;1998;403648
Total;04 Balears, Illes;Mujeres;1997;""
Total;04 Balears, Illes;Mujeres;1996;386488
Total;05 Canarias;Total;2021;2172944
Total;05 Canarias;Total;2020;2175952
Total;05 Canarias;Total;2019;2153389
Total;05 Canarias;Total;2018;2127685
Total;05 Canarias;Total;2017;2108121
Total;05 Canarias;Total;2016;2101924
Total;05 Canarias;Total;2015;2100306
Total;05 Canarias;Total;2014;2104815
Total;05 Canarias;Total;2013;2118679
Total;05 Canarias;Total;2012;2118344
Total;05 Canarias;Total;2011;2126769
Total;05 Canarias;Total;2010;2118519
Total;05 Canarias;Total;2009;2103992
Total;05 Canarias;Total;2008;2075968
Total;05 Canarias;Total;2007;2025951
Total;05 Canarias;Total;2006;1995833
Total;05 Canarias;Total;2005;1968280
Total;05 Canarias;Total;2004;1915540
Total;05 Canarias;Total;2003;1894868
Total;05 Canarias;Total;2002;1843755
Total;05 Canarias;Total;2001;1781366
Total;05 Canarias;Total;2000;1716276
Total;05 Canarias;Total;1999;1672689
Total;05 Canarias;Total;1998;1630015
Total;05 Canarias;Total;1997;""
Total;05 Canarias;Total;1996;1606534
Total;05 Canarias;Hombres;2021;1074180
Total;05 Canarias;Hombres;2020;1076185
Total;05 Canarias;Hombres;2019;1065971
Total;05 Canarias;Hombres;2018;1054032
Total;05 Canarias;Hombres;2017;1045113
Total;05 Canarias;Hombres;2016;1042838
Total;05 Canarias;Hombres;2015;1043203
Total;05 Canarias;Hombres;2014;1046373
Total;05 Canarias;Hombres;2013;1055302
Total;05 Canarias;Hombres;2012;1056240
Total;05 Canarias;Hombres;2011;1061591
Total;05 Canarias;Hombres;2010;1058706
Total;05 Canarias;Hombres;2009;1052636
Total;05 Canarias;Hombres;2008;1040137
Total;05 Canarias;Hombres;2007;1015493
Total;05 Canarias;Hombres;2006;1001394
Total;05 Canarias;Hombres;2005;988230
Total;05 Canarias;Hombres;2004;960658
Total;05 Canarias;Hombres;2003;950159
Total;05 Canarias;Hombres;2002;923353
Total;05 Canarias;Hombres;2001;890549
Total;05 Canarias;Hombres;2000;854899
Total;05 Canarias;Hombres;1999;831707
Total;05 Canarias;Hombres;1998;808092
Total;05 Canarias;Hombres;1997;""
Total;05 Canarias;Hombres;1996;797230
Total;05 Canarias;Mujeres;2021;1098764
Total;05 Canarias;Mujeres;2020;1099767
Total;05 Canarias;Mujeres;2019;1087418
Total;05 Canarias;Mujeres;2018;1073653
Total;05 Canarias;Mujeres;2017;1063008
Total;05 Canarias;Mujeres;2016;1059086
Total;05 Canarias;Mujeres;2015;1057103
Total;05 Canarias;Mujeres;2014;1058442
Total;05 Canarias;Mujeres;2013;1063377
Total;05 Canarias;Mujeres;2012;1062104
Total;05 Canarias;Mujeres;2011;1065178
Total;05 Canarias;Mujeres;2010;1059813
Total;05 Canarias;Mujeres;2009;1051356
Total;05 Canarias;Mujeres;2008;1035831
Total;05 Canarias;Mujeres;2007;1010458
Total;05 Canarias;Mujeres;2006;994439
Total;05 Canarias;Mujeres;2005;980050
Total;05 Canarias;Mujeres;2004;954882
Total;05 Canarias;Mujeres;2003;944709
Total;05 Canarias;Mujeres;2002;920402
Total;05 Canarias;Mujeres;2001;890817
Total;05 Canarias;Mujeres;2000;861377
Total;05 Canarias;Mujeres;1999;840982
Total;05 Canarias;Mujeres;1998;821923
Total;05 Canarias;Mujeres;1997;""
Total;05 Canarias;Mujeres;1996;809304
Total;06 Cantabria;Total;2021;584507
Total;06 Cantabria;Total;2020;582905
Total;06 Cantabria;Total;2019;581078
Total;06 Cantabria;Total;2018;580229
Total;06 Cantabria;Total;2017;580295
Total;06 Cantabria;Total;2016;582206
Total;06 Cantabria;Total;2015;585179
Total;06 Cantabria;Total;2014;588656
Total;06 Cantabria;Total;2013;591888
Total;06 Cantabria;Total;2012;593861
Total;06 Cantabria;Total;2011;593121
Total;06 Cantabria;Total;2010;592250
Total;06 Cantabria;Total;2009;589235
Total;06 Cantabria;Total;2008;582138
Total;06 Cantabria;Total;2007;572824
Total;06 Cantabria;Total;2006;568091
Total;06 Cantabria;Total;2005;562309
Total;06 Cantabria;Total;2004;554784
Total;06 Cantabria;Total;2003;549690
Total;06 Cantabria;Total;2002;542275
Total;06 Cantabria;Total;2001;537606
Total;06 Cantabria;Total;2000;531159
Total;06 Cantabria;Total;1999;528478
Total;06 Cantabria;Total;1998;527137
Total;06 Cantabria;Total;1997;""
Total;06 Cantabria;Total;1996;527437
Total;06 Cantabria;Hombres;2021;283378
Total;06 Cantabria;Hombres;2020;282559
Total;06 Cantabria;Hombres;2019;281801
Total;06 Cantabria;Hombres;2018;281564
Total;06 Cantabria;Hombres;2017;281808
Total;06 Cantabria;Hombres;2016;282988
Total;06 Cantabria;Hombres;2015;284788
Total;06 Cantabria;Hombres;2014;286782
Total;06 Cantabria;Hombres;2013;288643
Total;06 Cantabria;Hombres;2012;289999
Total;06 Cantabria;Hombres;2011;289872
Total;06 Cantabria;Hombres;2010;289931
Total;06 Cantabria;Hombres;2009;288735
Total;06 Cantabria;Hombres;2008;285469
Total;06 Cantabria;Hombres;2007;280283
Total;06 Cantabria;Hombres;2006;277869
Total;06 Cantabria;Hombres;2005;274797
Total;06 Cantabria;Hombres;2004;270907
Total;06 Cantabria;Hombres;2003;268309
Total;06 Cantabria;Hombres;2002;264492
Total;06 Cantabria;Hombres;2001;261967
Total;06 Cantabria;Hombres;2000;258682
Total;06 Cantabria;Hombres;1999;257495
Total;06 Cantabria;Hombres;1998;256766
Total;06 Cantabria;Hombres;1997;""
Total;06 Cantabria;Hombres;1996;256946
Total;06 Cantabria;Mujeres;2021;301129
Total;06 Cantabria;Mujeres;2020;300346
Total;06 Cantabria;Mujeres;2019;299277
Total;06 Cantabria;Mujeres;2018;298665
Total;06 Cantabria;Mujeres;2017;298487
Total;06 Cantabria;Mujeres;2016;299218
Total;06 Cantabria;Mujeres;2015;300391
Total;06 Cantabria;Mujeres;2014;301874
Total;06 Cantabria;Mujeres;2013;303245
Total;06 Cantabria;Mujeres;2012;303862
Total;06 Cantabria;Mujeres;2011;303249
Total;06 Cantabria;Mujeres;2010;302319
Total;06 Cantabria;Mujeres;2009;300500
Total;06 Cantabria;Mujeres;2008;296669
Total;06 Cantabria;Mujeres;2007;292541
Total;06 Cantabria;Mujeres;2006;290222
Total;06 Cantabria;Mujeres;2005;287512
Total;06 Cantabria;Mujeres;2004;283877
Total;06 Cantabria;Mujeres;2003;281381
Total;06 Cantabria;Mujeres;2002;277783
Total;06 Cantabria;Mujeres;2001;275639
Total;06 Cantabria;Mujeres;2000;272477
Total;06 Cantabria;Mujeres;1999;270983
Total;06 Cantabria;Mujeres;1998;270371
Total;06 Cantabria;Mujeres;1997;""
Total;06 Cantabria;Mujeres;1996;270491
Total;07 Castilla y Le?n;Total;2021;2383139
Total;07 Castilla y Le?n;Total;2020;2394918
Total;07 Castilla y Le?n;Total;2019;2399548
Total;07 Castilla y Le?n;Total;2018;2409164
Total;07 Castilla y Le?n;Total;2017;2425801
Total;07 Castilla y Le?n;Total;2016;2447519
Total;07 Castilla y Le?n;Total;2015;2472052
Total;07 Castilla y Le?n;Total;2014;2494790
Total;07 Castilla y Le?n;Total;2013;2519875
Total;07 Castilla y Le?n;Total;2012;2546078
Total;07 Castilla y Le?n;Total;2011;2558463
Total;07 Castilla y Le?n;Total;2010;2559515
Total;07 Castilla y Le?n;Total;2009;2563521
Total;07 Castilla y Le?n;Total;2008;2557330
Total;07 Castilla y Le?n;Total;2007;2528417
Total;07 Castilla y Le?n;Total;2006;2523020
Total;07 Castilla y Le?n;Total;2005;2510849
Total;07 Castilla y Le?n;Total;2004;2493918
Total;07 Castilla y Le?n;Total;2003;2487646
Total;07 Castilla y Le?n;Total;2002;2480369
Total;07 Castilla y Le?n;Total;2001;2479425
Total;07 Castilla y Le?n;Total;2000;2479118
Total;07 Castilla y Le?n;Total;1999;2488062
Total;07 Castilla y Le?n;Total;1998;2484603
Total;07 Castilla y Le?n;Total;1997;""
Total;07 Castilla y Le?n;Total;1996;2508496
Total;07 Castilla y Le?n;Hombres;2021;1173114
Total;07 Castilla y Le?n;Hombres;2020;1178846
Total;07 Castilla y Le?n;Hombres;2019;1181401
Total;07 Castilla y Le?n;Hombres;2018;1186363
Total;07 Castilla y Le?n;Hombres;2017;1195251
Total;07 Castilla y Le?n;Hombres;2016;1206775
Total;07 Castilla y Le?n;Hombres;2015;1219616
Total;07 Castilla y Le?n;Hombres;2014;1232250
Total;07 Castilla y Le?n;Hombres;2013;1246377
Total;07 Castilla y Le?n;Hombres;2012;1261141
Total;07 Castilla y Le?n;Hombres;2011;1267671
Total;07 Castilla y Le?n;Hombres;2010;1268860
Total;07 Castilla y Le?n;Hombres;2009;1272020
Total;07 Castilla y Le?n;Hombres;2008;1269338
Total;07 Castilla y Le?n;Hombres;2007;1251082
Total;07 Castilla y Le?n;Hombres;2006;1247158
Total;07 Castilla y Le?n;Hombres;2005;1240450
Total;07 Castilla y Le?n;Hombres;2004;1231258
Total;07 Castilla y Le?n;Hombres;2003;1228177
Total;07 Castilla y Le?n;Hombres;2002;1223935
Total;07 Castilla y Le?n;Hombres;2001;1222612
Total;07 Castilla y Le?n;Hombres;2000;1221973
Total;07 Castilla y Le?n;Hombres;1999;1227156
Total;07 Castilla y Le?n;Hombres;1998;1225516
Total;07 Castilla y Le?n;Hombres;1997;""
Total;07 Castilla y Le?n;Hombres;1996;1238129
Total;07 Castilla y Le?n;Mujeres;2021;1210025
Total;07 Castilla y Le?n;Mujeres;2020;1216072
Total;07 Castilla y Le?n;Mujeres;2019;1218147
Total;07 Castilla y Le?n;Mujeres;2018;1222801
Total;07 Castilla y Le?n;Mujeres;2017;1230550
Total;07 Castilla y Le?n;Mujeres;2016;1240744
Total;07 Castilla y Le?n;Mujeres;2015;1252436
Total;07 Castilla y Le?n;Mujeres;2014;1262540
Total;07 Castilla y Le?n;Mujeres;2013;1273498
Total;07 Castilla y Le?n;Mujeres;2012;1284937
Total;07 Castilla y Le?n;Mujeres;2011;1290792
Total;07 Castilla y Le?n;Mujeres;2010;1290655
Total;07 Castilla y Le?n;Mujeres;2009;1291501
Total;07 Castilla y Le?n;Mujeres;2008;1287992
Total;07 Castilla y Le?n;Mujeres;2007;1277335
Total;07 Castilla y Le?n;Mujeres;2006;1275862
Total;07 Castilla y Le?n;Mujeres;2005;1270399
Total;07 Castilla y Le?n;Mujeres;2004;1262660
Total;07 Castilla y Le?n;Mujeres;2003;1259469
Total;07 Castilla y Le?n;Mujeres;2002;1256434
Total;07 Castilla y Le?n;Mujeres;2001;1256813
Total;07 Castilla y Le?n;Mujeres;2000;1257145
Total;07 Castilla y Le?n;Mujeres;1999;1260906
Total;07 Castilla y Le?n;Mujeres;1998;1259087
Total;07 Castilla y Le?n;Mujeres;1997;""
Total;07 Castilla y Le?n;Mujeres;1996;1270367
Total;08 Castilla - La Mancha;Total;2021;2049562
Total;08 Castilla - La Mancha;Total;2020;2045221
Total;08 Castilla - La Mancha;Total;2019;2032863
Total;08 Castilla - La Mancha;Total;2018;2026807
Total;08 Castilla - La Mancha;Total;2017;2031479
Total;08 Castilla - La Mancha;Total;2016;2041631
Total;08 Castilla - La Mancha;Total;2015;2059191
Total;08 Castilla - La Mancha;Total;2014;2078611
Total;08 Castilla - La Mancha;Total;2013;2100998
Total;08 Castilla - La Mancha;Total;2012;2121888
Total;08 Castilla - La Mancha;Total;2011;2115334
Total;08 Castilla - La Mancha;Total;2010;2098373
Total;08 Castilla - La Mancha;Total;2009;2081313
Total;08 Castilla - La Mancha;Total;2008;2043100
Total;08 Castilla - La Mancha;Total;2007;1977304
Total;08 Castilla - La Mancha;Total;2006;1932261
Total;08 Castilla - La Mancha;Total;2005;1894667
Total;08 Castilla - La Mancha;Total;2004;1848881
Total;08 Castilla - La Mancha;Total;2003;1815781
Total;08 Castilla - La Mancha;Total;2002;1782038
Total;08 Castilla - La Mancha;Total;2001;1755053
Total;08 Castilla - La Mancha;Total;2000;1734261
Total;08 Castilla - La Mancha;Total;1999;1726199
Total;08 Castilla - La Mancha;Total;1998;1716152
Total;08 Castilla - La Mancha;Total;1997;""
Total;08 Castilla - La Mancha;Total;1996;1712529
Total;08 Castilla - La Mancha;Hombres;2021;1026128
Total;08 Castilla - La Mancha;Hombres;2020;1023740
Total;08 Castilla - La Mancha;Hombres;2019;1016954
Total;08 Castilla - La Mancha;Hombres;2018;1014199
Total;08 Castilla - La Mancha;Hombres;2017;1016761
Total;08 Castilla - La Mancha;Hombres;2016;1022722
Total;08 Castilla - La Mancha;Hombres;2015;1032673
Total;08 Castilla - La Mancha;Hombres;2014;1043880
Total;08 Castilla - La Mancha;Hombres;2013;1056960
Total;08 Castilla - La Mancha;Hombres;2012;1069648
Total;08 Castilla - La Mancha;Hombres;2011;1066598
Total;08 Castilla - La Mancha;Hombres;2010;1059149
Total;08 Castilla - La Mancha;Hombres;2009;1051668
Total;08 Castilla - La Mancha;Hombres;2008;1033131
Total;08 Castilla - La Mancha;Hombres;2007;995668
Total;08 Castilla - La Mancha;Hombres;2006;970867
Total;08 Castilla - La Mancha;Hombres;2005;950976
Total;08 Castilla - La Mancha;Hombres;2004;925694
Total;08 Castilla - La Mancha;Hombres;2003;907656
Total;08 Castilla - La Mancha;Hombres;2002;888987
Total;08 Castilla - La Mancha;Hombres;2001;873287
Total;08 Castilla - La Mancha;Hombres;2000;860657
Total;08 Castilla - La Mancha;Hombres;1999;856604
Total;08 Castilla - La Mancha;Hombres;1998;851354
Total;08 Castilla - La Mancha;Hombres;1997;""
Total;08 Castilla - La Mancha;Hombres;1996;849076
Total;08 Castilla - La Mancha;Mujeres;2021;1023434
Total;08 Castilla - La Mancha;Mujeres;2020;1021481
Total;08 Castilla - La Mancha;Mujeres;2019;1015909
Total;08 Castilla - La Mancha;Mujeres;2018;1012608
Total;08 Castilla - La Mancha;Mujeres;2017;1014718
Total;08 Castilla - La Mancha;Mujeres;2016;1018909
Total;08 Castilla - La Mancha;Mujeres;2015;1026518
Total;08 Castilla - La Mancha;Mujeres;2014;1034731
Total;08 Castilla - La Mancha;Mujeres;2013;1044038
Total;08 Castilla - La Mancha;Mujeres;2012;1052240
Total;08 Castilla - La Mancha;Mujeres;2011;1048736
Total;08 Castilla - La Mancha;Mujeres;2010;1039224
Total;08 Castilla - La Mancha;Mujeres;2009;1029645
Total;08 Castilla - La Mancha;Mujeres;2008;1009969
Total;08 Castilla - La Mancha;Mujeres;2007;981636
Total;08 Castilla - La Mancha;Mujeres;2006;961394
Total;08 Castilla - La Mancha;Mujeres;2005;943691
Total;08 Castilla - La Mancha;Mujeres;2004;923187
Total;08 Castilla - La Mancha;Mujeres;2003;908125
Total;08 Castilla - La Mancha;Mujeres;2002;893051
Total;08 Castilla - La Mancha;Mujeres;2001;881766
Total;08 Castilla - La Mancha;Mujeres;2000;873604
Total;08 Castilla - La Mancha;Mujeres;1999;869595
Total;08 Castilla - La Mancha;Mujeres;1998;864798
Total;08 Castilla - La Mancha;Mujeres;1997;""
Total;08 Castilla - La Mancha;Mujeres;1996;863453
Total;09 Catalu?a;Total;2021;7763362
Total;09 Catalu?a;Total;2020;7780479
Total;09 Catalu?a;Total;2019;7675217
Total;09 Catalu?a;Total;2018;7600065
Total;09 Catalu?a;Total;2017;7555830
Total;09 Catalu?a;Total;2016;7522596
Total;09 Catalu?a;Total;2015;7508106
Total;09 Catalu?a;Total;2014;7518903
Total;09 Catalu?a;Total;2013;7553650
Total;09 Catalu?a;Total;2012;7570908
Total;09 Catalu?a;Total;2011;7539618
Total;09 Catalu?a;Total;2010;7512381
Total;09 Catalu?a;Total;2009;7475420
Total;09 Catalu?a;Total;2008;7364078
Total;09 Catalu?a;Total;2007;7210508
Total;09 Catalu?a;Total;2006;7134697
Total;09 Catalu?a;Total;2005;6995206
Total;09 Catalu?a;Total;2004;6813319
Total;09 Catalu?a;Total;2003;6704146
Total;09 Catalu?a;Total;2002;6506440
Total;09 Catalu?a;Total;2001;6361365
Total;09 Catalu?a;Total;2000;6261999
Total;09 Catalu?a;Total;1999;6207533
Total;09 Catalu?a;Total;1998;6147610
Total;09 Catalu?a;Total;1997;""
Total;09 Catalu?a;Total;1996;6090040
Total;09 Catalu?a;Hombres;2021;3819831
Total;09 Catalu?a;Hombres;2020;3826964
Total;09 Catalu?a;Hombres;2019;3770123
Total;09 Catalu?a;Hombres;2018;3730326
Total;09 Catalu?a;Hombres;2017;3710200
Total;09 Catalu?a;Hombres;2016;3697368
Total;09 Catalu?a;Hombres;2015;3691745
Total;09 Catalu?a;Hombres;2014;3701740
Total;09 Catalu?a;Hombres;2013;3725318
Total;09 Catalu?a;Hombres;2012;3741628
Total;09 Catalu?a;Hombres;2011;3732196
Total;09 Catalu?a;Hombres;2010;3724515
Total;09 Catalu?a;Hombres;2009;3713765
Total;09 Catalu?a;Hombres;2008;3661028
Total;09 Catalu?a;Hombres;2007;3578176
Total;09 Catalu?a;Hombres;2006;3543706
Total;09 Catalu?a;Hombres;2005;3468235
Total;09 Catalu?a;Hombres;2004;3366329
Total;09 Catalu?a;Hombres;2003;3309850
Total;09 Catalu?a;Hombres;2002;3201029
Total;09 Catalu?a;Hombres;2001;3115336
Total;09 Catalu?a;Hombres;2000;3058628
Total;09 Catalu?a;Hombres;1999;3030196
Total;09 Catalu?a;Hombres;1998;2997637
Total;09 Catalu?a;Hombres;1997;""
Total;09 Catalu?a;Hombres;1996;2971789
Total;09 Catalu?a;Mujeres;2021;3943531
Total;09 Catalu?a;Mujeres;2020;3953515
Total;09 Catalu?a;Mujeres;2019;3905094
Total;09 Catalu?a;Mujeres;2018;3869739
Total;09 Catalu?a;Mujeres;2017;3845630
Total;09 Catalu?a;Mujeres;2016;3825228
Total;09 Catalu?a;Mujeres;2015;3816361
Total;09 Catalu?a;Mujeres;2014;3817163
Total;09 Catalu?a;Mujeres;2013;3828332
Total;09 Catalu?a;Mujeres;2012;3829280
Total;09 Catalu?a;Mujeres;2011;3807422
Total;09 Catalu?a;Mujeres;2010;3787866
Total;09 Catalu?a;Mujeres;2009;3761655
Total;09 Catalu?a;Mujeres;2008;3703050
Total;09 Catalu?a;Mujeres;2007;3632332
Total;09 Catalu?a;Mujeres;2006;3590991
Total;09 Catalu?a;Mujeres;2005;3526971
Total;09 Catalu?a;Mujeres;2004;3446990
Total;09 Catalu?a;Mujeres;2003;3394296
Total;09 Catalu?a;Mujeres;2002;3305411
Total;09 Catalu?a;Mujeres;2001;3246029
Total;09 Catalu?a;Mujeres;2000;3203371
Total;09 Catalu?a;Mujeres;1999;3177337
Total;09 Catalu?a;Mujeres;1998;3149973
Total;09 Catalu?a;Mujeres;1997;""
Total;09 Catalu?a;Mujeres;1996;3118251
Total;10 Comunitat Valenciana;Total;2021;5058138
Total;10 Comunitat Valenciana;Total;2020;5057353
Total;10 Comunitat Valenciana;Total;2019;5003769
Total;10 Comunitat Valenciana;Total;2018;4963703
Total;10 Comunitat Valenciana;Total;2017;4941509
Total;10 Comunitat Valenciana;Total;2016;4959968
Total;10 Comunitat Valenciana;Total;2015;4980689
Total;10 Comunitat Valenciana;Total;2014;5004844
Total;10 Comunitat Valenciana;Total;2013;5113815
Total;10 Comunitat Valenciana;Total;2012;5129266
Total;10 Comunitat Valenciana;Total;2011;5117190
Total;10 Comunitat Valenciana;Total;2010;5111706
Total;10 Comunitat Valenciana;Total;2009;5094675
Total;10 Comunitat Valenciana;Total;2008;5029601
Total;10 Comunitat Valenciana;Total;2007;4885029
Total;10 Comunitat Valenciana;Total;2006;4806908
Total;10 Comunitat Valenciana;Total;2005;4692449
Total;10 Comunitat Valenciana;Total;2004;4543304
Total;10 Comunitat Valenciana;Total;2003;4470885
Total;10 Comunitat Valenciana;Total;2002;4326708
Total;10 Comunitat Valenciana;Total;2001;4202608
Total;10 Comunitat Valenciana;Total;2000;4120729
Total;10 Comunitat Valenciana;Total;1999;4066474
Total;10 Comunitat Valenciana;Total;1998;4023441
Total;10 Comunitat Valenciana;Total;1997;""
Total;10 Comunitat Valenciana;Total;1996;4009329
Total;10 Comunitat Valenciana;Hombres;2021;2491394
Total;10 Comunitat Valenciana;Hombres;2020;2492121
Total;10 Comunitat Valenciana;Hombres;2019;2465342
Total;10 Comunitat Valenciana;Hombres;2018;2446383
Total;10 Comunitat Valenciana;Hombres;2017;2436203
Total;10 Comunitat Valenciana;Hombres;2016;2448748
Total;10 Comunitat Valenciana;Hombres;2015;2460805
Total;10 Comunitat Valenciana;Hombres;2014;2475081
Total;10 Comunitat Valenciana;Hombres;2013;2534539
Total;10 Comunitat Valenciana;Hombres;2012;2546404
Total;10 Comunitat Valenciana;Hombres;2011;2541780
Total;10 Comunitat Valenciana;Hombres;2010;2542949
Total;10 Comunitat Valenciana;Hombres;2009;2537898
Total;10 Comunitat Valenciana;Hombres;2008;2508433
Total;10 Comunitat Valenciana;Hombres;2007;2432162
Total;10 Comunitat Valenciana;Hombres;2006;2394307
Total;10 Comunitat Valenciana;Hombres;2005;2332283
Total;10 Comunitat Valenciana;Hombres;2004;2251812
Total;10 Comunitat Valenciana;Hombres;2003;2213010
Total;10 Comunitat Valenciana;Hombres;2002;2136323
Total;10 Comunitat Valenciana;Hombres;2001;2066487
Total;10 Comunitat Valenciana;Hombres;2000;2020667
Total;10 Comunitat Valenciana;Hombres;1999;1993258
Total;10 Comunitat Valenciana;Hombres;1998;1970767
Total;10 Comunitat Valenciana;Hombres;1997;""
Total;10 Comunitat Valenciana;Hombres;1996;1962181
Total;10 Comunitat Valenciana;Mujeres;2021;2566744
Total;10 Comunitat Valenciana;Mujeres;2020;2565232
Total;10 Comunitat Valenciana;Mujeres;2019;2538427
Total;10 Comunitat Valenciana;Mujeres;2018;2517320
Total;10 Comunitat Valenciana;Mujeres;2017;2505306
Total;10 Comunitat Valenciana;Mujeres;2016;2511220
Total;10 Comunitat Valenciana;Mujeres;2015;2519884
Total;10 Comunitat Valenciana;Mujeres;2014;2529763
Total;10 Comunitat Valenciana;Mujeres;2013;2579276
Total;10 Comunitat Valenciana;Mujeres;2012;2582862
Total;10 Comunitat Valenciana;Mujeres;2011;2575410
Total;10 Comunitat Valenciana;Mujeres;2010;2568757
Total;10 Comunitat Valenciana;Mujeres;2009;2556777
Total;10 Comunitat Valenciana;Mujeres;2008;2521168
Total;10 Comunitat Valenciana;Mujeres;2007;2452867
Total;10 Comunitat Valenciana;Mujeres;2006;2412601
Total;10 Comunitat Valenciana;Mujeres;2005;2360166
Total;10 Comunitat Valenciana;Mujeres;2004;2291492
Total;10 Comunitat Valenciana;Mujeres;2003;2257875
Total;10 Comunitat Valenciana;Mujeres;2002;2190385
Total;10 Comunitat Valenciana;Mujeres;2001;2136121
Total;10 Comunitat Valenciana;Mujeres;2000;2100062
Total;10 Comunitat Valenciana;Mujeres;1999;2073216
Total;10 Comunitat Valenciana;Mujeres;1998;2052674
Total;10 Comunitat Valenciana;Mujeres;1997;""
Total;10 Comunitat Valenciana;Mujeres;1996;2047148
Total;11 Extremadura;Total;2021;1059501
Total;11 Extremadura;Total;2020;1063987
Total;11 Extremadura;Total;2019;1067710
Total;11 Extremadura;Total;2018;1072863
Total;11 Extremadura;Total;2017;1079920
Total;11 Extremadura;Total;2016;1087778
Total;11 Extremadura;Total;2015;1092997
Total;11 Extremadura;Total;2014;1099632
Total;11 Extremadura;Total;2013;1104004
Total;11 Extremadura;Total;2012;1108130
Total;11 Extremadura;Total;2011;1109367
Total;11 Extremadura;Total;2010;1107220
Total;11 Extremadura;Total;2009;1102410
Total;11 Extremadura;Total;2008;1097744
Total;11 Extremadura;Total;2007;1089990
Total;11 Extremadura;Total;2006;1086373
Total;11 Extremadura;Total;2005;1083879
Total;11 Extremadura;Total;2004;1075286
Total;11 Extremadura;Total;2003;1073904
Total;11 Extremadura;Total;2002;1073050
Total;11 Extremadura;Total;2001;1073381
Total;11 Extremadura;Total;2000;1069420
Total;11 Extremadura;Total;1999;1073574
Total;11 Extremadura;Total;1998;1069419
Total;11 Extremadura;Total;1997;""
Total;11 Extremadura;Total;1996;1070244
Total;11 Extremadura;Hombres;2021;523976
Total;11 Extremadura;Hombres;2020;526288
Total;11 Extremadura;Hombres;2019;528500
Total;11 Extremadura;Hombres;2018;531255
Total;11 Extremadura;Hombres;2017;535060
Total;11 Extremadura;Hombres;2016;539239
Total;11 Extremadura;Hombres;2015;542078
Total;11 Extremadura;Hombres;2014;545616
Total;11 Extremadura;Hombres;2013;548054
Total;11 Extremadura;Hombres;2012;550324
Total;11 Extremadura;Hombres;2011;550864
Total;11 Extremadura;Hombres;2010;549721
Total;11 Extremadura;Hombres;2009;547550
Total;11 Extremadura;Hombres;2008;546192
Total;11 Extremadura;Hombres;2007;541692
Total;11 Extremadura;Hombres;2006;540352
Total;11 Extremadura;Hombres;2005;539225
Total;11 Extremadura;Hombres;2004;534704
Total;11 Extremadura;Hombres;2003;533891
Total;11 Extremadura;Hombres;2002;533539
Total;11 Extremadura;Hombres;2001;533622
Total;11 Extremadura;Hombres;2000;531144
Total;11 Extremadura;Hombres;1999;533506
Total;11 Extremadura;Hombres;1998;530994
Total;11 Extremadura;Hombres;1997;""
Total;11 Extremadura;Hombres;1996;530500
Total;11 Extremadura;Mujeres;2021;535525
Total;11 Extremadura;Mujeres;2020;537699
Total;11 Extremadura;Mujeres;2019;539210
Total;11 Extremadura;Mujeres;2018;541608
Total;11 Extremadura;Mujeres;2017;544860
Total;11 Extremadura;Mujeres;2016;548539
Total;11 Extremadura;Mujeres;2015;550919
Total;11 Extremadura;Mujeres;2014;554016
Total;11 Extremadura;Mujeres;2013;555950
Total;11 Extremadura;Mujeres;2012;557806
Total;11 Extremadura;Mujeres;2011;558503
Total;11 Extremadura;Mujeres;2010;557499
Total;11 Extremadura;Mujeres;2009;554860
Total;11 Extremadura;Mujeres;2008;551552
Total;11 Extremadura;Mujeres;2007;548298
Total;11 Extremadura;Mujeres;2006;546021
Total;11 Extremadura;Mujeres;2005;544654
Total;11 Extremadura;Mujeres;2004;540582
Total;11 Extremadura;Mujeres;2003;540013
Total;11 Extremadura;Mujeres;2002;539511
Total;11 Extremadura;Mujeres;2001;539759
Total;11 Extremadura;Mujeres;2000;538276
Total;11 Extremadura;Mujeres;1999;540068
Total;11 Extremadura;Mujeres;1998;538425
Total;11 Extremadura;Mujeres;1997;""
Total;11 Extremadura;Mujeres;1996;539744
Total;12 Galicia;Total;2021;2695645
Total;12 Galicia;Total;2020;2701819
Total;12 Galicia;Total;2019;2699499
Total;12 Galicia;Total;2018;2701743
Total;12 Galicia;Total;2017;2708339
Total;12 Galicia;Total;2016;2718525
Total;12 Galicia;Total;2015;2732347
Total;12 Galicia;Total;2014;2748695
Total;12 Galicia;Total;2013;2765940
Total;12 Galicia;Total;2012;2781498
Total;12 Galicia;Total;2011;2795422
Total;12 Galicia;Total;2010;2797653
Total;12 Galicia;Total;2009;2796089
Total;12 Galicia;Total;2008;2784169
Total;12 Galicia;Total;2007;2772533
Total;12 Galicia;Total;2006;2767524
Total;12 Galicia;Total;2005;2762198
Total;12 Galicia;Total;2004;2750985
Total;12 Galicia;Total;2003;2751094
Total;12 Galicia;Total;2002;2737370
Total;12 Galicia;Total;2001;2732926
Total;12 Galicia;Total;2000;2731900
Total;12 Galicia;Total;1999;2730337
Total;12 Galicia;Total;1998;2724544
Total;12 Galicia;Total;1997;""
Total;12 Galicia;Total;1996;2742622
Total;12 Galicia;Hombres;2021;1297301
Total;12 Galicia;Hombres;2020;1300153
Total;12 Galicia;Hombres;2019;1298964
Total;12 Galicia;Hombres;2018;1300609
Total;12 Galicia;Hombres;2017;1304392
Total;12 Galicia;Hombres;2016;1309809
Total;12 Galicia;Hombres;2015;1317054
Total;12 Galicia;Hombres;2014;1325657
Total;12 Galicia;Hombres;2013;1335122
Total;12 Galicia;Hombres;2012;1343328
Total;12 Galicia;Hombres;2011;1349591
Total;12 Galicia;Hombres;2010;1350547
Total;12 Galicia;Hombres;2009;1349603
Total;12 Galicia;Hombres;2008;1344268
Total;12 Galicia;Hombres;2007;1337159
Total;12 Galicia;Hombres;2006;1333797
Total;12 Galicia;Hombres;2005;1330703
Total;12 Galicia;Hombres;2004;1324987
Total;12 Galicia;Hombres;2003;1324385
Total;12 Galicia;Hombres;2002;1316721
Total;12 Galicia;Hombres;2001;1314078
Total;12 Galicia;Hombres;2000;1312391
Total;12 Galicia;Hombres;1999;1312881
Total;12 Galicia;Hombres;1998;1310415
Total;12 Galicia;Hombres;1997;""
Total;12 Galicia;Hombres;1996;1320347
Total;12 Galicia;Mujeres;2021;1398344
Total;12 Galicia;Mujeres;2020;1401666
Total;12 Galicia;Mujeres;2019;1400535
Total;12 Galicia;Mujeres;2018;1401134
Total;12 Galicia;Mujeres;2017;1403947
Total;12 Galicia;Mujeres;2016;1408716
Total;12 Galicia;Mujeres;2015;1415293
Total;12 Galicia;Mujeres;2014;1423038
Total;12 Galicia;Mujeres;2013;1430818
Total;12 Galicia;Mujeres;2012;1438170
Total;12 Galicia;Mujeres;2011;1445831
Total;12 Galicia;Mujeres;2010;1447106
Total;12 Galicia;Mujeres;2009;1446486
Total;12 Galicia;Mujeres;2008;1439901
Total;12 Galicia;Mujeres;2007;1435374
Total;12 Galicia;Mujeres;2006;1433727
Total;12 Galicia;Mujeres;2005;1431495
Total;12 Galicia;Mujeres;2004;1425998
Total;12 Galicia;Mujeres;2003;1426709
Total;12 Galicia;Mujeres;2002;1420649
Total;12 Galicia;Mujeres;2001;1418848
Total;12 Galicia;Mujeres;2000;1419509
Total;12 Galicia;Mujeres;1999;1417456
Total;12 Galicia;Mujeres;1998;1414129
Total;12 Galicia;Mujeres;1997;""
Total;12 Galicia;Mujeres;1996;1422275
Total;13 Madrid, Comunidad de;Total;2021;6751251
Total;13 Madrid, Comunidad de;Total;2020;6779888
Total;13 Madrid, Comunidad de;Total;2019;6663394
Total;13 Madrid, Comunidad de;Total;2018;6578079
Total;13 Madrid, Comunidad de;Total;2017;6507184
Total;13 Madrid, Comunidad de;Total;2016;6466996
Total;13 Madrid, Comunidad de;Total;2015;6436996
Total;13 Madrid, Comunidad de;Total;2014;6454440
Total;13 Madrid, Comunidad de;Total;2013;6495551
Total;13 Madrid, Comunidad de;Total;2012;6498560
Total;13 Madrid, Comunidad de;Total;2011;6489680
Total;13 Madrid, Comunidad de;Total;2010;6458684
Total;13 Madrid, Comunidad de;Total;2009;6386932
Total;13 Madrid, Comunidad de;Total;2008;6271638
Total;13 Madrid, Comunidad de;Total;2007;6081689
Total;13 Madrid, Comunidad de;Total;2006;6008183
Total;13 Madrid, Comunidad de;Total;2005;5964143
Total;13 Madrid, Comunidad de;Total;2004;5804829
Total;13 Madrid, Comunidad de;Total;2003;5718942
Total;13 Madrid, Comunidad de;Total;2002;5527152
Total;13 Madrid, Comunidad de;Total;2001;5372433
Total;13 Madrid, Comunidad de;Total;2000;5205408
Total;13 Madrid, Comunidad de;Total;1999;5145325
Total;13 Madrid, Comunidad de;Total;1998;5091336
Total;13 Madrid, Comunidad de;Total;1997;""
Total;13 Madrid, Comunidad de;Total;1996;5022289
Total;13 Madrid, Comunidad de;Hombres;2021;3229700
Total;13 Madrid, Comunidad de;Hombres;2020;3243793
Total;13 Madrid, Comunidad de;Hombres;2019;3187312
Total;13 Madrid, Comunidad de;Hombres;2018;3147872
Total;13 Madrid, Comunidad de;Hombres;2017;3115522
Total;13 Madrid, Comunidad de;Hombres;2016;3098631
Total;13 Madrid, Comunidad de;Hombres;2015;3087022
Total;13 Madrid, Comunidad de;Hombres;2014;3099641
Total;13 Madrid, Comunidad de;Hombres;2013;3123724
Total;13 Madrid, Comunidad de;Hombres;2012;3130241
Total;13 Madrid, Comunidad de;Hombres;2011;3132844
Total;13 Madrid, Comunidad de;Hombres;2010;3124438
Total;13 Madrid, Comunidad de;Hombres;2009;3094874
Total;13 Madrid, Comunidad de;Hombres;2008;3040658
Total;13 Madrid, Comunidad de;Hombres;2007;2943778
Total;13 Madrid, Comunidad de;Hombres;2006;2908654
Total;13 Madrid, Comunidad de;Hombres;2005;2887718
Total;13 Madrid, Comunidad de;Hombres;2004;2804962
Total;13 Madrid, Comunidad de;Hombres;2003;2760877
Total;13 Madrid, Comunidad de;Hombres;2002;2663407
Total;13 Madrid, Comunidad de;Hombres;2001;2584779
Total;13 Madrid, Comunidad de;Hombres;2000;2501285
Total;13 Madrid, Comunidad de;Hombres;1999;2472098
Total;13 Madrid, Comunidad de;Hombres;1998;2444919
Total;13 Madrid, Comunidad de;Hombres;1997;""
Total;13 Madrid, Comunidad de;Hombres;1996;2411548
Total;13 Madrid, Comunidad de;Mujeres;2021;3521551
Total;13 Madrid, Comunidad de;Mujeres;2020;3536095
Total;13 Madrid, Comunidad de;Mujeres;2019;3476082
Total;13 Madrid, Comunidad de;Mujeres;2018;3430207
Total;13 Madrid, Comunidad de;Mujeres;2017;3391662
Total;13 Madrid, Comunidad de;Mujeres;2016;3368365
Total;13 Madrid, Comunidad de;Mujeres;2015;3349974
Total;13 Madrid, Comunidad de;Mujeres;2014;3354799
Total;13 Madrid, Comunidad de;Mujeres;2013;3371827
Total;13 Madrid, Comunidad de;Mujeres;2012;3368319
Total;13 Madrid, Comunidad de;Mujeres;2011;3356836
Total;13 Madrid, Comunidad de;Mujeres;2010;3334246
Total;13 Madrid, Comunidad de;Mujeres;2009;3292058
Total;13 Madrid, Comunidad de;Mujeres;2008;3230980
Total;13 Madrid, Comunidad de;Mujeres;2007;3137911
Total;13 Madrid, Comunidad de;Mujeres;2006;3099529
Total;13 Madrid, Comunidad de;Mujeres;2005;3076425
Total;13 Madrid, Comunidad de;Mujeres;2004;2999867
Total;13 Madrid, Comunidad de;Mujeres;2003;2958065
Total;13 Madrid, Comunidad de;Mujeres;2002;2863745
Total;13 Madrid, Comunidad de;Mujeres;2001;2787654
Total;13 Madrid, Comunidad de;Mujeres;2000;2704123
Total;13 Madrid, Comunidad de;Mujeres;1999;2673227
Total;13 Madrid, Comunidad de;Mujeres;1998;2646417
Total;13 Madrid, Comunidad de;Mujeres;1997;""
Total;13 Madrid, Comunidad de;Mujeres;1996;2610741
Total;14 Murcia, Regi?n de;Total;2021;1518486
Total;14 Murcia, Regi?n de;Total;2020;1511251
Total;14 Murcia, Regi?n de;Total;2019;1493898
Total;14 Murcia, Regi?n de;Total;2018;1478509
Total;14 Murcia, Regi?n de;Total;2017;1470273
Total;14 Murcia, Regi?n de;Total;2016;1464847
Total;14 Murcia, Regi?n de;Total;2015;1467288
Total;14 Murcia, Regi?n de;Total;2014;1466818
Total;14 Murcia, Regi?n de;Total;2013;1472049
Total;14 Murcia, Regi?n de;Total;2012;1474449
Total;14 Murcia, Regi?n de;Total;2011;1470069
Total;14 Murcia, Regi?n de;Total;2010;1461979
Total;14 Murcia, Regi?n de;Total;2009;1446520
Total;14 Murcia, Regi?n de;Total;2008;1426109
Total;14 Murcia, Regi?n de;Total;2007;1392117
Total;14 Murcia, Regi?n de;Total;2006;1370306
Total;14 Murcia, Regi?n de;Total;2005;1335792
Total;14 Murcia, Regi?n de;Total;2004;1294694
Total;14 Murcia, Regi?n de;Total;2003;1269230
Total;14 Murcia, Regi?n de;Total;2002;1226993
Total;14 Murcia, Regi?n de;Total;2001;1190378
Total;14 Murcia, Regi?n de;Total;2000;1149328
Total;14 Murcia, Regi?n de;Total;1999;1131128
Total;14 Murcia, Regi?n de;Total;1998;1115068
Total;14 Murcia, Regi?n de;Total;1997;""
Total;14 Murcia, Regi?n de;Total;1996;1097249
Total;14 Murcia, Regi?n de;Hombres;2021;760362
Total;14 Murcia, Regi?n de;Hombres;2020;756699
Total;14 Murcia, Regi?n de;Hombres;2019;747615
Total;14 Murcia, Regi?n de;Hombres;2018;740143
Total;14 Murcia, Regi?n de;Hombres;2017;736238
Total;14 Murcia, Regi?n de;Hombres;2016;733555
Total;14 Murcia, Regi?n de;Hombres;2015;735434
Total;14 Murcia, Regi?n de;Hombres;2014;735889
Total;14 Murcia, Regi?n de;Hombres;2013;739842
Total;14 Murcia, Regi?n de;Hombres;2012;742727
Total;14 Murcia, Regi?n de;Hombres;2011;741581
Total;14 Murcia, Regi?n de;Hombres;2010;738627
Total;14 Murcia, Regi?n de;Hombres;2009;731609
Total;14 Murcia, Regi?n de;Hombres;2008;722999
Total;14 Murcia, Regi?n de;Hombres;2007;706326
Total;14 Murcia, Regi?n de;Hombres;2006;697027
Total;14 Murcia, Regi?n de;Hombres;2005;677049
Total;14 Murcia, Regi?n de;Hombres;2004;652057
Total;14 Murcia, Regi?n de;Hombres;2003;639795
Total;14 Murcia, Regi?n de;Hombres;2002;616236
Total;14 Murcia, Regi?n de;Hombres;2001;595757
Total;14 Murcia, Regi?n de;Hombres;2000;570125
Total;14 Murcia, Regi?n de;Hombres;1999;559888
Total;14 Murcia, Regi?n de;Hombres;1998;551343
Total;14 Murcia, Regi?n de;Hombres;1997;""
Total;14 Murcia, Regi?n de;Hombres;1996;541069
Total;14 Murcia, Regi?n de;Mujeres;2021;758124
Total;14 Murcia, Regi?n de;Mujeres;2020;754552
Total;14 Murcia, Regi?n de;Mujeres;2019;746283
Total;14 Murcia, Regi?n de;Mujeres;2018;738366
Total;14 Murcia, Regi?n de;Mujeres;2017;734035
Total;14 Murcia, Regi?n de;Mujeres;2016;731292
Total;14 Murcia, Regi?n de;Mujeres;2015;731854
Total;14 Murcia, Regi?n de;Mujeres;2014;730929
Total;14 Murcia, Regi?n de;Mujeres;2013;732207
Total;14 Murcia, Regi?n de;Mujeres;2012;731722
Total;14 Murcia, Regi?n de;Mujeres;2011;728488
Total;14 Murcia, Regi?n de;Mujeres;2010;723352
Total;14 Murcia, Regi?n de;Mujeres;2009;714911
Total;14 Murcia, Regi?n de;Mujeres;2008;703110
Total;14 Murcia, Regi?n de;Mujeres;2007;685791
Total;14 Murcia, Regi?n de;Mujeres;2006;673279
Total;14 Murcia, Regi?n de;Mujeres;2005;658743
Total;14 Murcia, Regi?n de;Mujeres;2004;642637
Total;14 Murcia, Regi?n de;Mujeres;2003;629435
Total;14 Murcia, Regi?n de;Mujeres;2002;610757
Total;14 Murcia, Regi?n de;Mujeres;2001;594621
Total;14 Murcia, Regi?n de;Mujeres;2000;579203
Total;14 Murcia, Regi?n de;Mujeres;1999;571240
Total;14 Murcia, Regi?n de;Mujeres;1998;563725
Total;14 Murcia, Regi?n de;Mujeres;1997;""
Total;14 Murcia, Regi?n de;Mujeres;1996;556180
Total;15 Navarra, Comunidad Foral de;Total;2021;661537
Total;15 Navarra, Comunidad Foral de;Total;2020;661197
Total;15 Navarra, Comunidad Foral de;Total;2019;654214
Total;15 Navarra, Comunidad Foral de;Total;2018;647554
Total;15 Navarra, Comunidad Foral de;Total;2017;643234
Total;15 Navarra, Comunidad Foral de;Total;2016;640647
Total;15 Navarra, Comunidad Foral de;Total;2015;640476
Total;15 Navarra, Comunidad Foral de;Total;2014;640790
Total;15 Navarra, Comunidad Foral de;Total;2013;644477
Total;15 Navarra, Comunidad Foral de;Total;2012;644566
Total;15 Navarra, Comunidad Foral de;Total;2011;642051
Total;15 Navarra, Comunidad Foral de;Total;2010;636924
Total;15 Navarra, Comunidad Foral de;Total;2009;630578
Total;15 Navarra, Comunidad Foral de;Total;2008;620377
Total;15 Navarra, Comunidad Foral de;Total;2007;605876
Total;15 Navarra, Comunidad Foral de;Total;2006;601874
Total;15 Navarra, Comunidad Foral de;Total;2005;593472
Total;15 Navarra, Comunidad Foral de;Total;2004;584734
Total;15 Navarra, Comunidad Foral de;Total;2003;578210
Total;15 Navarra, Comunidad Foral de;Total;2002;569628
Total;15 Navarra, Comunidad Foral de;Total;2001;556263
Total;15 Navarra, Comunidad Foral de;Total;2000;543757
Total;15 Navarra, Comunidad Foral de;Total;1999;538009
Total;15 Navarra, Comunidad Foral de;Total;1998;530819
Total;15 Navarra, Comunidad Foral de;Total;1997;""
Total;15 Navarra, Comunidad Foral de;Total;1996;520574
Total;15 Navarra, Comunidad Foral de;Hombres;2021;327465
Total;15 Navarra, Comunidad Foral de;Hombres;2020;327226
Total;15 Navarra, Comunidad Foral de;Hombres;2019;323631
Total;15 Navarra, Comunidad Foral de;Hombres;2018;320469
Total;15 Navarra, Comunidad Foral de;Hombres;2017;318671
Total;15 Navarra, Comunidad Foral de;Hombres;2016;317840
Total;15 Navarra, Comunidad Foral de;Hombres;2015;317885
Total;15 Navarra, Comunidad Foral de;Hombres;2014;318486
Total;15 Navarra, Comunidad Foral de;Hombres;2013;320933
Total;15 Navarra, Comunidad Foral de;Hombres;2012;321453
Total;15 Navarra, Comunidad Foral de;Hombres;2011;320656
Total;15 Navarra, Comunidad Foral de;Hombres;2010;318423
Total;15 Navarra, Comunidad Foral de;Hombres;2009;315486
Total;15 Navarra, Comunidad Foral de;Hombres;2008;310282
Total;15 Navarra, Comunidad Foral de;Hombres;2007;302330
Total;15 Navarra, Comunidad Foral de;Hombres;2006;300917
Total;15 Navarra, Comunidad Foral de;Hombres;2005;296587
Total;15 Navarra, Comunidad Foral de;Hombres;2004;292059
Total;15 Navarra, Comunidad Foral de;Hombres;2003;288991
Total;15 Navarra, Comunidad Foral de;Hombres;2002;284620
Total;15 Navarra, Comunidad Foral de;Hombres;2001;277118
Total;15 Navarra, Comunidad Foral de;Hombres;2000;269826
Total;15 Navarra, Comunidad Foral de;Hombres;1999;266711
Total;15 Navarra, Comunidad Foral de;Hombres;1998;262687
Total;15 Navarra, Comunidad Foral de;Hombres;1997;""
Total;15 Navarra, Comunidad Foral de;Hombres;1996;257718
Total;15 Navarra, Comunidad Foral de;Mujeres;2021;334072
Total;15 Navarra, Comunidad Foral de;Mujeres;2020;333971
Total;15 Navarra, Comunidad Foral de;Mujeres;2019;330583
Total;15 Navarra, Comunidad Foral de;Mujeres;2018;327085
Total;15 Navarra, Comunidad Foral de;Mujeres;2017;324563
Total;15 Navarra, Comunidad Foral de;Mujeres;2016;322807
Total;15 Navarra, Comunidad Foral de;Mujeres;2015;322591
Total;15 Navarra, Comunidad Foral de;Mujeres;2014;322304
Total;15 Navarra, Comunidad Foral de;Mujeres;2013;323544
Total;15 Navarra, Comunidad Foral de;Mujeres;2012;323113
Total;15 Navarra, Comunidad Foral de;Mujeres;2011;321395
Total;15 Navarra, Comunidad Foral de;Mujeres;2010;318501
Total;15 Navarra, Comunidad Foral de;Mujeres;2009;315092
Total;15 Navarra, Comunidad Foral de;Mujeres;2008;310095
Total;15 Navarra, Comunidad Foral de;Mujeres;2007;303546
Total;15 Navarra, Comunidad Foral de;Mujeres;2006;300957
Total;15 Navarra, Comunidad Foral de;Mujeres;2005;296885
Total;15 Navarra, Comunidad Foral de;Mujeres;2004;292675
Total;15 Navarra, Comunidad Foral de;Mujeres;2003;289219
Total;15 Navarra, Comunidad Foral de;Mujeres;2002;285008
Total;15 Navarra, Comunidad Foral de;Mujeres;2001;279145
Total;15 Navarra, Comunidad Foral de;Mujeres;2000;273931
Total;15 Navarra, Comunidad Foral de;Mujeres;1999;271298
Total;15 Navarra, Comunidad Foral de;Mujeres;1998;268132
Total;15 Navarra, Comunidad Foral de;Mujeres;1997;""
Total;15 Navarra, Comunidad Foral de;Mujeres;1996;262856
Total;16 Pa?s Vasco;Total;2021;2213993
Total;16 Pa?s Vasco;Total;2020;2220504
Total;16 Pa?s Vasco;Total;2019;2207776
Total;16 Pa?s Vasco;Total;2018;2199088
Total;16 Pa?s Vasco;Total;2017;2194158
Total;16 Pa?s Vasco;Total;2016;2189534
Total;16 Pa?s Vasco;Total;2015;2189257
Total;16 Pa?s Vasco;Total;2014;2188985
Total;16 Pa?s Vasco;Total;2013;2191682
Total;16 Pa?s Vasco;Total;2012;2193093
Total;16 Pa?s Vasco;Total;2011;2184606
Total;16 Pa?s Vasco;Total;2010;2178339
Total;16 Pa?s Vasco;Total;2009;2172175
Total;16 Pa?s Vasco;Total;2008;2157112
Total;16 Pa?s Vasco;Total;2007;2141860
Total;16 Pa?s Vasco;Total;2006;2133684
Total;16 Pa?s Vasco;Total;2005;2124846
Total;16 Pa?s Vasco;Total;2004;2115279
Total;16 Pa?s Vasco;Total;2003;2112204
Total;16 Pa?s Vasco;Total;2002;2108281
Total;16 Pa?s Vasco;Total;2001;2101478
Total;16 Pa?s Vasco;Total;2000;2098596
Total;16 Pa?s Vasco;Total;1999;2100441
Total;16 Pa?s Vasco;Total;1998;2098628
Total;16 Pa?s Vasco;Total;1997;""
Total;16 Pa?s Vasco;Total;1996;2098055
Total;16 Pa?s Vasco;Hombres;2021;1076385
Total;16 Pa?s Vasco;Hombres;2020;1079452
Total;16 Pa?s Vasco;Hombres;2019;1073074
Total;16 Pa?s Vasco;Hombres;2018;1068750
Total;16 Pa?s Vasco;Hombres;2017;1066905
Total;16 Pa?s Vasco;Hombres;2016;1065580
Total;16 Pa?s Vasco;Hombres;2015;1065925
Total;16 Pa?s Vasco;Hombres;2014;1066369
Total;16 Pa?s Vasco;Hombres;2013;1068746
Total;16 Pa?s Vasco;Hombres;2012;1070438
Total;16 Pa?s Vasco;Hombres;2011;1066872
Total;16 Pa?s Vasco;Hombres;2010;1064708
Total;16 Pa?s Vasco;Hombres;2009;1062412
Total;16 Pa?s Vasco;Hombres;2008;1055150
Total;16 Pa?s Vasco;Hombres;2007;1046795
Total;16 Pa?s Vasco;Hombres;2006;1043849
Total;16 Pa?s Vasco;Hombres;2005;1040525
Total;16 Pa?s Vasco;Hombres;2004;1035863
Total;16 Pa?s Vasco;Hombres;2003;1034326
Total;16 Pa?s Vasco;Hombres;2002;1032209
Total;16 Pa?s Vasco;Hombres;2001;1028392
Total;16 Pa?s Vasco;Hombres;2000;1026651
Total;16 Pa?s Vasco;Hombres;1999;1028146
Total;16 Pa?s Vasco;Hombres;1998;1026915
Total;16 Pa?s Vasco;Hombres;1997;""
Total;16 Pa?s Vasco;Hombres;1996;1027114
Total;16 Pa?s Vasco;Mujeres;2021;1137608
Total;16 Pa?s Vasco;Mujeres;2020;1141052
Total;16 Pa?s Vasco;Mujeres;2019;1134702
Total;16 Pa?s Vasco;Mujeres;2018;1130338
Total;16 Pa?s Vasco;Mujeres;2017;1127253
Total;16 Pa?s Vasco;Mujeres;2016;1123954
Total;16 Pa?s Vasco;Mujeres;2015;1123332
Total;16 Pa?s Vasco;Mujeres;2014;1122616
Total;16 Pa?s Vasco;Mujeres;2013;1122936
Total;16 Pa?s Vasco;Mujeres;2012;1122655
Total;16 Pa?s Vasco;Mujeres;2011;1117734
Total;16 Pa?s Vasco;Mujeres;2010;1113631
Total;16 Pa?s Vasco;Mujeres;2009;1109763
Total;16 Pa?s Vasco;Mujeres;2008;1101962
Total;16 Pa?s Vasco;Mujeres;2007;1095065
Total;16 Pa?s Vasco;Mujeres;2006;1089835
Total;16 Pa?s Vasco;Mujeres;2005;1084321
Total;16 Pa?s Vasco;Mujeres;2004;1079416
Total;16 Pa?s Vasco;Mujeres;2003;1077878
Total;16 Pa?s Vasco;Mujeres;2002;1076072
Total;16 Pa?s Vasco;Mujeres;2001;1073086
Total;16 Pa?s Vasco;Mujeres;2000;1071945
Total;16 Pa?s Vasco;Mujeres;1999;1072295
Total;16 Pa?s Vasco;Mujeres;1998;1071713
Total;16 Pa?s Vasco;Mujeres;1997;""
Total;16 Pa?s Vasco;Mujeres;1996;1070941
Total;17 Rioja, La;Total;2021;319796
Total;17 Rioja, La;Total;2020;319914
Total;17 Rioja, La;Total;2019;316798
Total;17 Rioja, La;Total;2018;315675
Total;17 Rioja, La;Total;2017;315381
Total;17 Rioja, La;Total;2016;315794
Total;17 Rioja, La;Total;2015;317053
Total;17 Rioja, La;Total;2014;319002
Total;17 Rioja, La;Total;2013;322027
Total;17 Rioja, La;Total;2012;323609
Total;17 Rioja, La;Total;2011;322955
Total;17 Rioja, La;Total;2010;322415
Total;17 Rioja, La;Total;2009;321702
Total;17 Rioja, La;Total;2008;317501
Total;17 Rioja, La;Total;2007;308968
Total;17 Rioja, La;Total;2006;306377
Total;17 Rioja, La;Total;2005;301084
Total;17 Rioja, La;Total;2004;293553
Total;17 Rioja, La;Total;2003;287390
Total;17 Rioja, La;Total;2002;281614
Total;17 Rioja, La;Total;2001;270400
Total;17 Rioja, La;Total;2000;264178
Total;17 Rioja, La;Total;1999;265178
Total;17 Rioja, La;Total;1998;263644
Total;17 Rioja, La;Total;1997;""
Total;17 Rioja, La;Total;1996;264941
Total;17 Rioja, La;Hombres;2021;157823
Total;17 Rioja, La;Hombres;2020;157835
Total;17 Rioja, La;Hombres;2019;156179
Total;17 Rioja, La;Hombres;2018;155758
Total;17 Rioja, La;Hombres;2017;155508
Total;17 Rioja, La;Hombres;2016;155969
Total;17 Rioja, La;Hombres;2015;156733
Total;17 Rioja, La;Hombres;2014;158090
Total;17 Rioja, La;Hombres;2013;160159
Total;17 Rioja, La;Hombres;2012;161574
Total;17 Rioja, La;Hombres;2011;161582
Total;17 Rioja, La;Hombres;2010;161884
Total;17 Rioja, La;Hombres;2009;162173
Total;17 Rioja, La;Hombres;2008;160342
Total;17 Rioja, La;Hombres;2007;155773
Total;17 Rioja, La;Hombres;2006;154556
Total;17 Rioja, La;Hombres;2005;151730
Total;17 Rioja, La;Hombres;2004;147214
Total;17 Rioja, La;Hombres;2003;143995
Total;17 Rioja, La;Hombres;2002;140780
Total;17 Rioja, La;Hombres;2001;134506
Total;17 Rioja, La;Hombres;2000;130956
Total;17 Rioja, La;Hombres;1999;131518
Total;17 Rioja, La;Hombres;1998;130708
Total;17 Rioja, La;Hombres;1997;""
Total;17 Rioja, La;Hombres;1996;131183
Total;17 Rioja, La;Mujeres;2021;161973
Total;17 Rioja, La;Mujeres;2020;162079
Total;17 Rioja, La;Mujeres;2019;160619
Total;17 Rioja, La;Mujeres;2018;159917
Total;17 Rioja, La;Mujeres;2017;159873
Total;17 Rioja, La;Mujeres;2016;159825
Total;17 Rioja, La;Mujeres;2015;160320
Total;17 Rioja, La;Mujeres;2014;160912
Total;17 Rioja, La;Mujeres;2013;161868
Total;17 Rioja, La;Mujeres;2012;162035
Total;17 Rioja, La;Mujeres;2011;161373
Total;17 Rioja, La;Mujeres;2010;160531
Total;17 Rioja, La;Mujeres;2009;159529
Total;17 Rioja, La;Mujeres;2008;157159
Total;17 Rioja, La;Mujeres;2007;153195
Total;17 Rioja, La;Mujeres;2006;151821
Total;17 Rioja, La;Mujeres;2005;149354
Total;17 Rioja, La;Mujeres;2004;146339
Total;17 Rioja, La;Mujeres;2003;143395
Total;17 Rioja, La;Mujeres;2002;140834
Total;17 Rioja, La;Mujeres;2001;135894
Total;17 Rioja, La;Mujeres;2000;133222
Total;17 Rioja, La;Mujeres;1999;133660
Total;17 Rioja, La;Mujeres;1998;132936
Total;17 Rioja, La;Mujeres;1997;""
Total;17 Rioja, La;Mujeres;1996;133758
Total;18 Ceuta;Total;2021;83517
Total;18 Ceuta;Total;2020;84202
Total;18 Ceuta;Total;2019;84777
Total;18 Ceuta;Total;2018;85144
Total;18 Ceuta;Total;2017;84959
Total;18 Ceuta;Total;2016;84519
Total;18 Ceuta;Total;2015;84263
Total;18 Ceuta;Total;2014;84963
Total;18 Ceuta;Total;2013;84180
Total;18 Ceuta;Total;2012;84018
Total;18 Ceuta;Total;2011;82376
Total;18 Ceuta;Total;2010;80579
Total;18 Ceuta;Total;2009;78674
Total;18 Ceuta;Total;2008;77389
Total;18 Ceuta;Total;2007;76603
Total;18 Ceuta;Total;2006;75861
Total;18 Ceuta;Total;2005;75276
Total;18 Ceuta;Total;2004;74654
Total;18 Ceuta;Total;2003;74931
Total;18 Ceuta;Total;2002;76152
Total;18 Ceuta;Total;2001;75694
Total;18 Ceuta;Total;2000;75241
Total;18 Ceuta;Total;1999;73704
Total;18 Ceuta;Total;1998;72117
Total;18 Ceuta;Total;1997;""
Total;18 Ceuta;Total;1996;68796
Total;18 Ceuta;Hombres;2021;42208
Total;18 Ceuta;Hombres;2020;42542
Total;18 Ceuta;Hombres;2019;42912
Total;18 Ceuta;Hombres;2018;43177
Total;18 Ceuta;Hombres;2017;43034
Total;18 Ceuta;Hombres;2016;42846
Total;18 Ceuta;Hombres;2015;42757
Total;18 Ceuta;Hombres;2014;43354
Total;18 Ceuta;Hombres;2013;43060
Total;18 Ceuta;Hombres;2012;42948
Total;18 Ceuta;Hombres;2011;42165
Total;18 Ceuta;Hombres;2010;41269
Total;18 Ceuta;Hombres;2009;40118
Total;18 Ceuta;Hombres;2008;39385
Total;18 Ceuta;Hombres;2007;38913
Total;18 Ceuta;Hombres;2006;38581
Total;18 Ceuta;Hombres;2005;38315
Total;18 Ceuta;Hombres;2004;38113
Total;18 Ceuta;Hombres;2003;38395
Total;18 Ceuta;Hombres;2002;39195
Total;18 Ceuta;Hombres;2001;38884
Total;18 Ceuta;Hombres;2000;38497
Total;18 Ceuta;Hombres;1999;37115
Total;18 Ceuta;Hombres;1998;36102
Total;18 Ceuta;Hombres;1997;""
Total;18 Ceuta;Hombres;1996;34229
Total;18 Ceuta;Mujeres;2021;41309
Total;18 Ceuta;Mujeres;2020;41660
Total;18 Ceuta;Mujeres;2019;41865
Total;18 Ceuta;Mujeres;2018;41967
Total;18 Ceuta;Mujeres;2017;41925
Total;18 Ceuta;Mujeres;2016;41673
Total;18 Ceuta;Mujeres;2015;41506
Total;18 Ceuta;Mujeres;2014;41609
Total;18 Ceuta;Mujeres;2013;41120
Total;18 Ceuta;Mujeres;2012;41070
Total;18 Ceuta;Mujeres;2011;40211
Total;18 Ceuta;Mujeres;2010;39310
Total;18 Ceuta;Mujeres;2009;38556
Total;18 Ceuta;Mujeres;2008;38004
Total;18 Ceuta;Mujeres;2007;37690
Total;18 Ceuta;Mujeres;2006;37280
Total;18 Ceuta;Mujeres;2005;36961
Total;18 Ceuta;Mujeres;2004;36541
Total;18 Ceuta;Mujeres;2003;36536
Total;18 Ceuta;Mujeres;2002;36957
Total;18 Ceuta;Mujeres;2001;36810
Total;18 Ceuta;Mujeres;2000;36744
Total;18 Ceuta;Mujeres;1999;36589
Total;18 Ceuta;Mujeres;1998;36015
Total;18 Ceuta;Mujeres;1997;""
Total;18 Ceuta;Mujeres;1996;34567
Total;19 Melilla;Total;2021;86261
Total;19 Melilla;Total;2020;87076
Total;19 Melilla;Total;2019;86487
Total;19 Melilla;Total;2018;86384
Total;19 Melilla;Total;2017;86120
Total;19 Melilla;Total;2016;86026
Total;19 Melilla;Total;2015;85584
Total;19 Melilla;Total;2014;84509
Total;19 Melilla;Total;2013;83679
Total;19 Melilla;Total;2012;80802
Total;19 Melilla;Total;2011;78476
Total;19 Melilla;Total;2010;76034
Total;19 Melilla;Total;2009;73460
Total;19 Melilla;Total;2008;71448
Total;19 Melilla;Total;2007;69440
Total;19 Melilla;Total;2006;66871
Total;19 Melilla;Total;2005;65488
Total;19 Melilla;Total;2004;68016
Total;19 Melilla;Total;2003;68463
Total;19 Melilla;Total;2002;69184
Total;19 Melilla;Total;2001;68789
Total;19 Melilla;Total;2000;66263
Total;19 Melilla;Total;1999;56929
Total;19 Melilla;Total;1998;60108
Total;19 Melilla;Total;1997;""
Total;19 Melilla;Total;1996;59576
Total;19 Melilla;Hombres;2021;43603
Total;19 Melilla;Hombres;2020;44162
Total;19 Melilla;Hombres;2019;43894
Total;19 Melilla;Hombres;2018;43765
Total;19 Melilla;Hombres;2017;43629
Total;19 Melilla;Hombres;2016;43768
Total;19 Melilla;Hombres;2015;43593
Total;19 Melilla;Hombres;2014;43075
Total;19 Melilla;Hombres;2013;43017
Total;19 Melilla;Hombres;2012;41569
Total;19 Melilla;Hombres;2011;40256
Total;19 Melilla;Hombres;2010;38819
Total;19 Melilla;Hombres;2009;37244
Total;19 Melilla;Hombres;2008;36336
Total;19 Melilla;Hombres;2007;35208
Total;19 Melilla;Hombres;2006;33962
Total;19 Melilla;Hombres;2005;33322
Total;19 Melilla;Hombres;2004;34455
Total;19 Melilla;Hombres;2003;34737
Total;19 Melilla;Hombres;2002;35178
Total;19 Melilla;Hombres;2001;35027
Total;19 Melilla;Hombres;2000;33976
Total;19 Melilla;Hombres;1999;28952
Total;19 Melilla;Hombres;1998;30569
Total;19 Melilla;Hombres;1997;""
Total;19 Melilla;Hombres;1996;29647
Total;19 Melilla;Mujeres;2021;42658
Total;19 Melilla;Mujeres;2020;42914
Total;19 Melilla;Mujeres;2019;42593
Total;19 Melilla;Mujeres;2018;42619
Total;19 Melilla;Mujeres;2017;42491
Total;19 Melilla;Mujeres;2016;42258
Total;19 Melilla;Mujeres;2015;41991
Total;19 Melilla;Mujeres;2014;41434
Total;19 Melilla;Mujeres;2013;40662
Total;19 Melilla;Mujeres;2012;39233
Total;19 Melilla;Mujeres;2011;38220
Total;19 Melilla;Mujeres;2010;37215
Total;19 Melilla;Mujeres;2009;36216
Total;19 Melilla;Mujeres;2008;35112
Total;19 Melilla;Mujeres;2007;34232
Total;19 Melilla;Mujeres;2006;32909
Total;19 Melilla;Mujeres;2005;32166
Total;19 Melilla;Mujeres;2004;33561
Total;19 Melilla;Mujeres;2003;33726
Total;19 Melilla;Mujeres;2002;34006
Total;19 Melilla;Mujeres;2001;33762
Total;19 Melilla;Mujeres;2000;32287
Total;19 Melilla;Mujeres;1999;27977
Total;19 Melilla;Mujeres;1998;29539
Total;19 Melilla;Mujeres;1997;""
Total;19 Melilla;Mujeres;1996;29929
