CPRO,PROVINCIA,code_mun,municipality,total,male,female,year
07,Balears (Illes),001,Alaró,4032,1950,2082,2000
07,Balears (Illes),002,Alaior,7390,3679,3711,2000
07,Balears (Illes),003,Alcúdia,12152,6136,6016,2000
07,Balears (Illes),004,Algaida,3753,1896,1857,2000
07,Balears (Illes),005,Andratx,8655,4346,4309,2000
07,Balears (Illes),006,Artà,6140,3071,3069,2000
07,Balears (Illes),007,Banyalbufar,520,282,238,2000
07,Balears (Illes),008,Binissalem,5193,2503,2690,2000
07,Balears (Illes),009,Búger,932,472,460,2000
07,Balears (Illes),010,Bunyola,4745,2340,2405,2000
07,Balears (Illes),011,Calvià,37419,18777,18642,2000
07,Balears (Illes),012,Campanet,2346,1161,1185,2000
07,Balears (Illes),013,Campos,7074,3568,3506,2000
07,Balears (Illes),014,Capdepera,8008,4029,3979,2000
07,Balears (Illes),015,Ciutadella de Menorca,22925,11433,11492,2000
07,Balears (Illes),016,Consell,2327,1157,1170,2000
07,Balears (Illes),017,Costitx,903,442,461,2000
07,Balears (Illes),018,Deyá,652,328,324,2000
07,Balears (Illes),019,Escorca,318,168,150,2000
07,Balears (Illes),020,Esporles,3993,1982,2011,2000
07,Balears (Illes),021,Estellencs,357,181,176,2000
07,Balears (Illes),022,Felanitx,15238,7625,7613,2000
07,Balears (Illes),023,Ferreries,4061,2124,1937,2000
07,Balears (Illes),024,Formentera,6289,3196,3093,2000
07,Balears (Illes),025,Fornalutx,627,312,315,2000
07,Balears (Illes),026,Eivissa,33223,16590,16633,2000
07,Balears (Illes),027,Inca,22402,11107,11295,2000
07,Balears (Illes),028,Lloret de Vista Alegre,933,457,476,2000
07,Balears (Illes),029,Lloseta,4630,2308,2322,2000
07,Balears (Illes),030,Llubí,1909,949,960,2000
07,Balears (Illes),031,Llucmajor,23723,11866,11857,2000
07,Balears (Illes),032,Mahón,23189,11314,11875,2000
07,Balears (Illes),033,Manacor,30923,15386,15537,2000
07,Balears (Illes),034,Mancor de la Vall,914,448,466,2000
07,Balears (Illes),035,Maria de la Salut,1819,897,922,2000
07,Balears (Illes),036,Marratxí,20924,10531,10393,2000
07,Balears (Illes),037,Mercadal (Es),3104,1571,1533,2000
07,Balears (Illes),038,Montuïri,2317,1149,1168,2000
07,Balears (Illes),039,Muro,6340,3175,3165,2000
07,Balears (Illes),040,Palma de Mallorca,333925,162727,171198,2000
07,Balears (Illes),041,Petra,2600,1278,1322,2000
07,Balears (Illes),042,Pollença,14358,7158,7200,2000
07,Balears (Illes),043,Porreres,4283,2168,2115,2000
07,Balears (Illes),044,Pobla (Sa),10347,5335,5012,2000
07,Balears (Illes),045,Puigpunyent,1249,626,623,2000
07,Balears (Illes),046,Sant Antoni de Portmany,15775,8028,7747,2000
07,Balears (Illes),047,Sencelles,2125,1097,1028,2000
07,Balears (Illes),048,San José,14428,7372,7056,2000
07,Balears (Illes),049,Sant Joan,1686,833,853,2000
07,Balears (Illes),050,Sant Joan de Labritja,4194,2119,2075,2000
07,Balears (Illes),051,Sant Llorenç des Cardassar,6211,3121,3090,2000
07,Balears (Illes),052,Sant Lluís,4395,2220,2175,2000
07,Balears (Illes),053,Santa Eugènia,1228,610,618,2000
07,Balears (Illes),054,Santa Eulalia del Río,21991,11274,10717,2000
07,Balears (Illes),055,Santa Margalida,7943,3953,3990,2000
07,Balears (Illes),056,Santa María del Camí,4740,2342,2398,2000
07,Balears (Illes),057,Santanyí,8957,4527,4430,2000
07,Balears (Illes),058,Selva,2983,1457,1526,2000
07,Balears (Illes),059,Salines (Ses),3528,1804,1724,2000
07,Balears (Illes),060,Sineu,2724,1336,1388,2000
07,Balears (Illes),061,Sóller,11521,5727,5794,2000
07,Balears (Illes),062,Son Servera,9562,4832,4730,2000
07,Balears (Illes),063,Valldemosa,1670,810,860,2000
07,Balears (Illes),064,Castell (Es),6504,3286,3218,2000
07,Balears (Illes),065,Vilafranca de Bonany,2366,1162,1204,2000
07,Balears (Illes),901,Ariany,790,397,393,2000
07,Balears (Illes),902,Migjorn Gran (Es),1148,590,558,2000
07,Balears (Illes),002,Alaior,7684,3841,3843,2001
07,Balears (Illes),001,Alaró,4121,2004,2117,2001
07,Balears (Illes),003,Alcúdia,12942,6580,6362,2001
07,Balears (Illes),004,Algaida,3868,1970,1898,2001
07,Balears (Illes),005,Andratx,9034,4547,4487,2001
07,Balears (Illes),901,Ariany,782,394,388,2001
07,Balears (Illes),006,Artà,6228,3100,3128,2001
07,Balears (Illes),007,Banyalbufar,534,284,250,2001
07,Balears (Illes),008,Binissalem,5424,2638,2786,2001
07,Balears (Illes),009,Búger,946,478,468,2001
07,Balears (Illes),010,Bunyola,4910,2446,2464,2001
07,Balears (Illes),011,Calvià,38841,19552,19289,2001
07,Balears (Illes),012,Campanet,2366,1173,1193,2001
07,Balears (Illes),013,Campos,7132,3598,3534,2001
07,Balears (Illes),014,Capdepera,8672,4379,4293,2001
07,Balears (Illes),064,Castell (Es),6681,3371,3310,2001
07,Balears (Illes),015,Ciutadella de Menorca,23706,11861,11845,2001
07,Balears (Illes),016,Consell,2403,1199,1204,2001
07,Balears (Illes),017,Costitx,931,458,473,2001
07,Balears (Illes),018,Deyá,677,344,333,2001
07,Balears (Illes),026,Eivissa,34779,17483,17296,2001
07,Balears (Illes),019,Escorca,306,163,143,2001
07,Balears (Illes),020,Esporles,4082,2026,2056,2001
07,Balears (Illes),021,Estellencs,371,189,182,2001
07,Balears (Illes),022,Felanitx,15533,7828,7705,2001
07,Balears (Illes),023,Ferreries,4134,2166,1968,2001
07,Balears (Illes),024,Formentera,6875,3493,3382,2001
07,Balears (Illes),025,Fornalutx,624,313,311,2001
07,Balears (Illes),027,Inca,23361,11683,11678,2001
07,Balears (Illes),028,Lloret de Vistalegre,966,472,494,2001
07,Balears (Illes),029,Lloseta,4736,2368,2368,2001
07,Balears (Illes),030,Llubí,1931,964,967,2001
07,Balears (Illes),031,Llucmajor,24750,12411,12339,2001
07,Balears (Illes),032,Mahón,23993,11803,12190,2001
07,Balears (Illes),033,Manacor,31575,15805,15770,2001
07,Balears (Illes),034,Mancor de la Vall,924,450,474,2001
07,Balears (Illes),035,Maria de la Salut,1861,925,936,2001
07,Balears (Illes),036,Marratxí,22275,11231,11044,2001
07,Balears (Illes),037,Mercadal (Es),3268,1657,1611,2001
07,Balears (Illes),902,Migjorn Gran (Es),1204,614,590,2001
07,Balears (Illes),038,Montuïri,2406,1227,1179,2001
07,Balears (Illes),039,Muro,6359,3203,3156,2001
07,Balears (Illes),040,Palma de Mallorca,346720,169601,177119,2001
07,Balears (Illes),041,Petra,2634,1309,1325,2001
07,Balears (Illes),044,Pobla (Sa),10736,5620,5116,2001
07,Balears (Illes),042,Pollença,14647,7302,7345,2001
07,Balears (Illes),043,Porreres,4363,2258,2105,2001
07,Balears (Illes),045,Puigpunyent,1314,663,651,2001
07,Balears (Illes),059,Salines (Ses),3478,1769,1709,2001
07,Balears (Illes),046,Sant Antoni de Portmany,16209,8277,7932,2001
07,Balears (Illes),049,Sant Joan,1691,844,847,2001
07,Balears (Illes),050,Sant Joan de Labritja,4401,2228,2173,2001
07,Balears (Illes),048,Sant Josep de sa Talaia,15190,7780,7410,2001
07,Balears (Illes),051,Sant Llorenç des Cardassar,6692,3385,3307,2001
07,Balears (Illes),052,Sant Lluís,4626,2320,2306,2001
07,Balears (Illes),053,Santa Eugènia,1265,632,633,2001
07,Balears (Illes),054,Santa Eulalia del Río,23755,12196,11559,2001
07,Balears (Illes),055,Santa Margalida,8306,4159,4147,2001
07,Balears (Illes),056,Santa María del Camí,4937,2449,2488,2001
07,Balears (Illes),057,Santanyí,9405,4801,4604,2001
07,Balears (Illes),058,Selva,2975,1457,1518,2001
07,Balears (Illes),047,Sencelles,2214,1143,1071,2001
07,Balears (Illes),060,Sineu,2789,1368,1421,2001
07,Balears (Illes),061,Sóller,11705,5852,5853,2001
07,Balears (Illes),062,Son Servera,10179,5158,5021,2001
07,Balears (Illes),063,Valldemosa,1770,872,898,2001
07,Balears (Illes),065,Vilafranca de Bonany,2431,1206,1225,2001
07,Balears (Illes),002,Alaior,7982,4007,3975,2002
07,Balears (Illes),001,Alaró,4320,2117,2203,2002
07,Balears (Illes),003,Alcúdia,13824,7058,6766,2002
07,Balears (Illes),004,Algaida,3902,1998,1904,2002
07,Balears (Illes),005,Andratx,9454,4770,4684,2002
07,Balears (Illes),901,Ariany,782,392,390,2002
07,Balears (Illes),006,Artà,6305,3156,3149,2002
07,Balears (Illes),007,Banyalbufar,558,293,265,2002
07,Balears (Illes),008,Binissalem,5618,2756,2862,2002
07,Balears (Illes),009,Búger,982,495,487,2002
07,Balears (Illes),010,Bunyola,5114,2568,2546,2002
07,Balears (Illes),011,Calvià,40979,20723,20256,2002
07,Balears (Illes),012,Campanet,2412,1206,1206,2002
07,Balears (Illes),013,Campos,7330,3689,3641,2002
07,Balears (Illes),014,Capdepera,9166,4617,4549,2002
07,Balears (Illes),064,Castell (Es),6948,3502,3446,2002
07,Balears (Illes),015,Ciutadella de Menorca,24741,12377,12364,2002
07,Balears (Illes),016,Consell,2494,1244,1250,2002
07,Balears (Illes),017,Costitx,971,478,493,2002
07,Balears (Illes),018,Deyá,731,378,353,2002
07,Balears (Illes),026,Eivissa,37408,18959,18449,2002
07,Balears (Illes),019,Escorca,312,170,142,2002
07,Balears (Illes),020,Esporles,4197,2069,2128,2002
07,Balears (Illes),021,Estellencs,376,192,184,2002
07,Balears (Illes),022,Felanitx,16049,8109,7940,2002
07,Balears (Illes),023,Ferreries,4262,2242,2020,2002
07,Balears (Illes),024,Formentera,7461,3798,3663,2002
07,Balears (Illes),025,Fornalutx,656,337,319,2002
07,Balears (Illes),027,Inca,24467,12289,12178,2002
07,Balears (Illes),028,Lloret de Vistalegre,1017,502,515,2002
07,Balears (Illes),029,Lloseta,4909,2485,2424,2002
07,Balears (Illes),030,Llubí,1964,976,988,2002
07,Balears (Illes),031,Llucmajor,26466,13322,13144,2002
07,Balears (Illes),032,Mahón,25187,12452,12735,2002
07,Balears (Illes),033,Manacor,33326,16787,16539,2002
07,Balears (Illes),034,Mancor de la Vall,943,464,479,2002
07,Balears (Illes),035,Maria de la Salut,1975,997,978,2002
07,Balears (Illes),036,Marratxí,23953,12123,11830,2002
07,Balears (Illes),037,Mercadal (Es),3532,1794,1738,2002
07,Balears (Illes),902,Migjorn Gran (Es),1226,621,605,2002
07,Balears (Illes),038,Montuïri,2510,1277,1233,2002
07,Balears (Illes),039,Muro,6478,3292,3186,2002
07,Balears (Illes),040,Palma de Mallorca,358462,175992,182470,2002
07,Balears (Illes),041,Petra,2662,1317,1345,2002
07,Balears (Illes),044,Pobla (Sa),11103,5828,5275,2002
07,Balears (Illes),042,Pollença,15074,7534,7540,2002
07,Balears (Illes),043,Porreres,4450,2331,2119,2002
07,Balears (Illes),045,Puigpunyent,1399,718,681,2002
07,Balears (Illes),059,Salines (Ses),3930,2005,1925,2002
07,Balears (Illes),046,Sant Antoni de Portmany,16742,8605,8137,2002
07,Balears (Illes),049,Sant Joan,1737,873,864,2002
07,Balears (Illes),050,Sant Joan de Labritja,4620,2361,2259,2002
07,Balears (Illes),048,Sant Josep de sa Talaia,16083,8320,7763,2002
07,Balears (Illes),051,Sant Llorenç des Cardassar,6951,3546,3405,2002
07,Balears (Illes),052,Sant Lluís,4918,2471,2447,2002
07,Balears (Illes),053,Santa Eugènia,1328,667,661,2002
07,Balears (Illes),054,Santa Eulalia del Río,25080,12905,12175,2002
07,Balears (Illes),055,Santa Margalida,8776,4421,4355,2002
07,Balears (Illes),056,Santa María del Camí,4998,2490,2508,2002
07,Balears (Illes),057,Santanyí,10020,5151,4869,2002
07,Balears (Illes),058,Selva,3055,1489,1566,2002
07,Balears (Illes),047,Sencelles,2341,1186,1155,2002
07,Balears (Illes),060,Sineu,2843,1401,1442,2002
07,Balears (Illes),061,Sóller,12118,6093,6025,2002
07,Balears (Illes),062,Son Servera,10643,5394,5249,2002
07,Balears (Illes),063,Valldemossa,1830,906,924,2002
07,Balears (Illes),065,Vilafranca de Bonany,2518,1264,1254,2002
07,Balears (Illes),002,Alaior,8197,4121,4076,2003
07,Balears (Illes),001,Alaró,4540,2226,2314,2003
07,Balears (Illes),003,Alcúdia,14690,7493,7197,2003
07,Balears (Illes),004,Algaida,3997,2059,1938,2003
07,Balears (Illes),005,Andratx,9841,4937,4904,2003
07,Balears (Illes),901,Ariany,783,397,386,2003
07,Balears (Illes),006,Artà,6578,3303,3275,2003
07,Balears (Illes),007,Banyalbufar,584,317,267,2003
07,Balears (Illes),008,Binissalem,5874,2899,2975,2003
07,Balears (Illes),009,Búger,984,504,480,2003
07,Balears (Illes),010,Bunyola,5237,2626,2611,2003
07,Balears (Illes),011,Calvià,42983,21775,21208,2003
07,Balears (Illes),012,Campanet,2437,1207,1230,2003
07,Balears (Illes),013,Campos,7625,3848,3777,2003
07,Balears (Illes),014,Capdepera,9561,4797,4764,2003
07,Balears (Illes),064,Castell (Es),7022,3541,3481,2003
07,Balears (Illes),015,Ciutadella de Menorca,25406,12717,12689,2003
07,Balears (Illes),016,Consell,2586,1297,1289,2003
07,Balears (Illes),017,Costitx,973,478,495,2003
07,Balears (Illes),018,Deyá,749,394,355,2003
07,Balears (Illes),026,Eivissa,40175,20386,19789,2003
07,Balears (Illes),019,Escorca,307,170,137,2003
07,Balears (Illes),020,Esporles,4322,2135,2187,2003
07,Balears (Illes),021,Estellencs,388,205,183,2003
07,Balears (Illes),022,Felanitx,16459,8376,8083,2003
07,Balears (Illes),023,Ferreries,4290,2235,2055,2003
07,Balears (Illes),024,Formentera,7607,3909,3698,2003
07,Balears (Illes),025,Fornalutx,678,345,333,2003
07,Balears (Illes),027,Inca,25362,12793,12569,2003
07,Balears (Illes),028,Lloret de Vistalegre,1058,534,524,2003
07,Balears (Illes),029,Lloseta,5119,2603,2516,2003
07,Balears (Illes),030,Llubí,1955,973,982,2003
07,Balears (Illes),031,Llucmajor,27759,14004,13755,2003
07,Balears (Illes),032,Mahón,26066,12884,13182,2003
07,Balears (Illes),033,Manacor,34335,17310,17025,2003
07,Balears (Illes),034,Mancor de la Vall,963,476,487,2003
07,Balears (Illes),035,Maria de la Salut,1990,1005,985,2003
07,Balears (Illes),036,Marratxí,25799,13058,12741,2003
07,Balears (Illes),037,Mercadal (Es),3654,1880,1774,2003
07,Balears (Illes),902,Migjorn Gran (Es),1216,621,595,2003
07,Balears (Illes),038,Montuïri,2521,1280,1241,2003
07,Balears (Illes),039,Muro,6572,3345,3227,2003
07,Balears (Illes),040,Palma de Mallorca,367277,180458,186819,2003
07,Balears (Illes),041,Petra,2697,1335,1362,2003
07,Balears (Illes),044,Pobla (Sa),11446,6035,5411,2003
07,Balears (Illes),042,Pollença,15566,7804,7762,2003
07,Balears (Illes),043,Porreres,4568,2401,2167,2003
07,Balears (Illes),045,Puigpunyent,1477,764,713,2003
07,Balears (Illes),059,Salines (Ses),4116,2093,2023,2003
07,Balears (Illes),046,Sant Antoni de Portmany,17261,8883,8378,2003
07,Balears (Illes),049,Sant Joan,1803,913,890,2003
07,Balears (Illes),050,Sant Joan de Labritja,4673,2403,2270,2003
07,Balears (Illes),048,Sant Josep de sa Talaia,17076,8909,8167,2003
07,Balears (Illes),051,Sant Llorenç des Cardassar,7246,3707,3539,2003
07,Balears (Illes),052,Sant Lluís,5216,2608,2608,2003
07,Balears (Illes),053,Santa Eugènia,1358,695,663,2003
07,Balears (Illes),054,Santa Eulalia del Río,25918,13317,12601,2003
07,Balears (Illes),055,Santa Margalida,9074,4598,4476,2003
07,Balears (Illes),056,Santa María del Camí,5074,2524,2550,2003
07,Balears (Illes),057,Santanyí,10253,5230,5023,2003
07,Balears (Illes),058,Selva,3096,1521,1575,2003
07,Balears (Illes),047,Sencelles,2464,1247,1217,2003
07,Balears (Illes),060,Sineu,2868,1420,1448,2003
07,Balears (Illes),061,Sóller,12472,6268,6204,2003
07,Balears (Illes),062,Son Servera,10750,5461,5289,2003
07,Balears (Illes),063,Valldemossa,1820,907,913,2003
07,Balears (Illes),065,Vilafranca de Bonany,2550,1284,1266,2003
07,Balears (Illes),002,Alaior,8308,4182,4126,2004
07,Balears (Illes),001,Alaró,4607,2267,2340,2004
07,Balears (Illes),003,Alcúdia,15057,7717,7340,2004
07,Balears (Illes),004,Algaida,4149,2134,2015,2004
07,Balears (Illes),005,Andratx,9404,4697,4707,2004
07,Balears (Illes),901,Ariany,771,400,371,2004
07,Balears (Illes),006,Artà,6524,3284,3240,2004
07,Balears (Illes),007,Banyalbufar,570,314,256,2004
07,Balears (Illes),008,Binissalem,6051,3029,3022,2004
07,Balears (Illes),009,Búger,993,509,484,2004
07,Balears (Illes),010,Bunyola,5291,2650,2641,2004
07,Balears (Illes),011,Calvià,42614,21557,21057,2004
07,Balears (Illes),012,Campanet,2420,1189,1231,2004
07,Balears (Illes),013,Campos,7898,3989,3909,2004
07,Balears (Illes),014,Capdepera,9297,4684,4613,2004
07,Balears (Illes),064,Castell (Es),7066,3588,3478,2004
07,Balears (Illes),015,Ciutadella de Menorca,26073,13037,13036,2004
07,Balears (Illes),016,Consell,2727,1382,1345,2004
07,Balears (Illes),017,Costitx,986,481,505,2004
07,Balears (Illes),018,Deyá,689,358,331,2004
07,Balears (Illes),026,Eivissa,40991,20823,20168,2004
07,Balears (Illes),019,Escorca,295,166,129,2004
07,Balears (Illes),020,Esporles,4363,2154,2209,2004
07,Balears (Illes),021,Estellencs,374,202,172,2004
07,Balears (Illes),022,Felanitx,16153,8238,7915,2004
07,Balears (Illes),023,Ferreries,4338,2243,2095,2004
07,Balears (Illes),024,Formentera,7131,3695,3436,2004
07,Balears (Illes),025,Fornalutx,679,341,338,2004
07,Balears (Illes),027,Inca,25900,13091,12809,2004
07,Balears (Illes),028,Lloret de Vistalegre,1107,568,539,2004
07,Balears (Illes),029,Lloseta,5180,2646,2534,2004
07,Balears (Illes),030,Llubí,1967,975,992,2004
07,Balears (Illes),031,Llucmajor,28591,14495,14096,2004
07,Balears (Illes),032,Mahón,26536,13115,13421,2004
07,Balears (Illes),033,Manacor,35512,17903,17609,2004
07,Balears (Illes),034,Mancor de la Vall,947,462,485,2004
07,Balears (Illes),035,Maria de la Salut,2043,1040,1003,2004
07,Balears (Illes),036,Marratxí,27145,13733,13412,2004
07,Balears (Illes),037,Mercadal (Es),3844,1992,1852,2004
07,Balears (Illes),902,Migjorn Gran (Es),1300,660,640,2004
07,Balears (Illes),038,Montuïri,2510,1261,1249,2004
07,Balears (Illes),039,Muro,6487,3309,3178,2004
07,Balears (Illes),040,Palma de Mallorca,368974,180814,188160,2004
07,Balears (Illes),041,Petra,2643,1322,1321,2004
07,Balears (Illes),044,Pobla (Sa),11442,5944,5498,2004
07,Balears (Illes),042,Pollença,15513,7790,7723,2004
07,Balears (Illes),043,Porreres,4519,2353,2166,2004
07,Balears (Illes),045,Puigpunyent,1446,753,693,2004
07,Balears (Illes),059,Salines (Ses),4151,2116,2035,2004
07,Balears (Illes),046,Sant Antoni de Portmany,17407,8952,8455,2004
07,Balears (Illes),049,Sant Joan,1821,923,898,2004
07,Balears (Illes),050,Sant Joan de Labritja,4611,2391,2220,2004
07,Balears (Illes),048,Sant Josep de sa Talaia,17385,9099,8286,2004
07,Balears (Illes),051,Sant Llorenç des Cardassar,7280,3721,3559,2004
07,Balears (Illes),052,Sant Lluís,5407,2728,2679,2004
07,Balears (Illes),053,Santa Eugènia,1384,726,658,2004
07,Balears (Illes),054,Santa Eulalia del Río,25826,13347,12479,2004
07,Balears (Illes),055,Santa Margalida,9266,4710,4556,2004
07,Balears (Illes),056,Santa María del Camí,5103,2559,2544,2004
07,Balears (Illes),057,Santanyí,10337,5260,5077,2004
07,Balears (Illes),058,Selva,3112,1531,1581,2004
07,Balears (Illes),047,Sencelles,2559,1305,1254,2004
07,Balears (Illes),060,Sineu,2927,1458,1469,2004
07,Balears (Illes),061,Sóller,12140,6103,6037,2004
07,Balears (Illes),062,Son Servera,10519,5381,5138,2004
07,Balears (Illes),063,Valldemossa,1822,917,905,2004
07,Balears (Illes),065,Vilafranca de Bonany,2563,1283,1280,2004
07,Balears (Illes),002,Alaior,8671,4378,4293,2005
07,Balears (Illes),001,Alaró,4707,2322,2385,2005
07,Balears (Illes),003,Alcúdia,15897,8190,7707,2005
07,Balears (Illes),004,Algaida,4258,2204,2054,2005
07,Balears (Illes),005,Andratx,9906,4963,4943,2005
07,Balears (Illes),901,Ariany,750,392,358,2005
07,Balears (Illes),006,Artà,6649,3361,3288,2005
07,Balears (Illes),007,Banyalbufar,568,321,247,2005
07,Balears (Illes),008,Binissalem,6326,3225,3101,2005
07,Balears (Illes),009,Búger,1016,515,501,2005
07,Balears (Illes),010,Bunyola,5475,2726,2749,2005
07,Balears (Illes),011,Calvià,43499,21958,21541,2005
07,Balears (Illes),012,Campanet,2515,1263,1252,2005
07,Balears (Illes),013,Campos,8122,4082,4040,2005
07,Balears (Illes),014,Capdepera,10245,5124,5121,2005
07,Balears (Illes),064,Castell (Es),7440,3802,3638,2005
07,Balears (Illes),015,Ciutadella de Menorca,26972,13520,13452,2005
07,Balears (Illes),016,Consell,2877,1445,1432,2005
07,Balears (Illes),017,Costitx,1004,496,508,2005
07,Balears (Illes),018,Deyá,708,375,333,2005
07,Balears (Illes),026,Eivissa,42797,21838,20959,2005
07,Balears (Illes),019,Escorca,293,167,126,2005
07,Balears (Illes),020,Esporles,4457,2205,2252,2005
07,Balears (Illes),021,Estellencs,386,207,179,2005
07,Balears (Illes),022,Felanitx,16566,8503,8063,2005
07,Balears (Illes),023,Ferreries,4416,2275,2141,2005
07,Balears (Illes),024,Formentera,7506,3934,3572,2005
07,Balears (Illes),025,Fornalutx,698,347,351,2005
07,Balears (Illes),027,Inca,26504,13454,13050,2005
07,Balears (Illes),028,Lloret de Vistalegre,1134,576,558,2005
07,Balears (Illes),029,Lloseta,5295,2736,2559,2005
07,Balears (Illes),030,Llubí,2030,1013,1017,2005
07,Balears (Illes),031,Llucmajor,29891,15169,14722,2005
07,Balears (Illes),032,Mahón,27669,13707,13962,2005
07,Balears (Illes),033,Manacor,35908,18080,17828,2005
07,Balears (Illes),034,Mancor de la Vall,980,480,500,2005
07,Balears (Illes),035,Maria de la Salut,2118,1097,1021,2005
07,Balears (Illes),036,Marratxí,28237,14271,13966,2005
07,Balears (Illes),037,Mercadal (Es),4255,2202,2053,2005
07,Balears (Illes),902,Migjorn Gran (Es),1409,700,709,2005
07,Balears (Illes),038,Montuïri,2594,1307,1287,2005
07,Balears (Illes),039,Muro,6610,3424,3186,2005
07,Balears (Illes),040,Palma de Mallorca,375773,183977,191796,2005
07,Balears (Illes),041,Petra,2707,1350,1357,2005
07,Balears (Illes),044,Pobla (Sa),11767,6115,5652,2005
07,Balears (Illes),042,Pollença,15987,8071,7916,2005
07,Balears (Illes),043,Porreres,4597,2413,2184,2005
07,Balears (Illes),045,Puigpunyent,1513,786,727,2005
07,Balears (Illes),059,Salines (Ses),4290,2201,2089,2005
07,Balears (Illes),046,Sant Antoni de Portmany,18366,9487,8879,2005
07,Balears (Illes),049,Sant Joan,1847,935,912,2005
07,Balears (Illes),050,Sant Joan de Labritja,4838,2517,2321,2005
07,Balears (Illes),048,Sant Josep de sa Talaia,18382,9620,8762,2005
07,Balears (Illes),051,Sant Llorenç des Cardassar,7498,3835,3663,2005
07,Balears (Illes),052,Sant Lluís,5865,2987,2878,2005
07,Balears (Illes),053,Santa Eugènia,1420,756,664,2005
07,Balears (Illes),054,Santa Eulalia del Río,26724,13798,12926,2005
07,Balears (Illes),055,Santa Margalida,9719,4970,4749,2005
07,Balears (Illes),056,Santa María del Camí,5175,2579,2596,2005
07,Balears (Illes),057,Santanyí,10673,5405,5268,2005
07,Balears (Illes),058,Selva,3205,1591,1614,2005
07,Balears (Illes),047,Sencelles,2656,1368,1288,2005
07,Balears (Illes),060,Sineu,3053,1519,1534,2005
07,Balears (Illes),061,Sóller,12521,6278,6243,2005
07,Balears (Illes),062,Son Servera,10766,5498,5268,2005
07,Balears (Illes),063,Valldemossa,1910,971,939,2005
07,Balears (Illes),065,Vilafranca de Bonany,2521,1261,1260,2005
07,Illes Balears,002,Alaior,8933,4524,4409,2006
07,Illes Balears,001,Alaró,4869,2417,2452,2006
07,Illes Balears,003,Alcúdia,16176,8331,7845,2006
07,Illes Balears,004,Algaida,4339,2248,2091,2006
07,Illes Balears,005,Andratx,10410,5251,5159,2006
07,Illes Balears,901,Ariany,766,404,362,2006
07,Illes Balears,006,Artà,6730,3385,3345,2006
07,Illes Balears,007,Banyalbufar,572,325,247,2006
07,Illes Balears,008,Binissalem,6475,3304,3171,2006
07,Illes Balears,009,Búger,1063,540,523,2006
07,Illes Balears,010,Bunyola,5574,2804,2770,2006
07,Illes Balears,011,Calvià,45284,22717,22567,2006
07,Illes Balears,012,Campanet,2507,1251,1256,2006
07,Illes Balears,013,Campos,8296,4180,4116,2006
07,Illes Balears,014,Capdepera,11074,5593,5481,2006
07,Illes Balears,064,Castell (Es),7475,3822,3653,2006
07,Illes Balears,015,Ciutadella de Menorca,27468,13698,13770,2006
07,Illes Balears,016,Consell,3045,1548,1497,2006
07,Illes Balears,017,Costitx,976,476,500,2006
07,Illes Balears,018,Deyá,708,379,329,2006
07,Illes Balears,026,Eivissa,42884,21851,21033,2006
07,Illes Balears,019,Escorca,307,179,128,2006
07,Illes Balears,020,Esporles,4546,2255,2291,2006
07,Illes Balears,021,Estellencs,399,211,188,2006
07,Illes Balears,022,Felanitx,16948,8742,8206,2006
07,Illes Balears,023,Ferreries,4476,2309,2167,2006
07,Illes Balears,024,Formentera,7957,4203,3754,2006
07,Illes Balears,025,Fornalutx,717,358,359,2006
07,Illes Balears,027,Inca,27301,13855,13446,2006
07,Illes Balears,028,Lloret de Vistalegre,1149,577,572,2006
07,Illes Balears,029,Lloseta,5375,2791,2584,2006
07,Illes Balears,030,Llubí,2042,1022,1020,2006
07,Illes Balears,031,Llucmajor,31381,15908,15473,2006
07,Illes Balears,032,Mahón,27893,13854,14039,2006
07,Illes Balears,033,Manacor,37165,18737,18428,2006
07,Illes Balears,034,Mancor de la Vall,991,492,499,2006
07,Illes Balears,035,Maria de la Salut,2141,1110,1031,2006
07,Illes Balears,036,Marratxí,29742,15121,14621,2006
07,Illes Balears,037,Mercadal (Es),4504,2336,2168,2006
07,Illes Balears,902,Migjorn Gran (Es),1503,742,761,2006
07,Illes Balears,038,Montuïri,2576,1304,1272,2006
07,Illes Balears,039,Muro,6717,3486,3231,2006
07,Illes Balears,040,Palma de Mallorca,375048,183443,191605,2006
07,Illes Balears,041,Petra,2744,1372,1372,2006
07,Illes Balears,044,Pobla (Sa),12122,6360,5762,2006
07,Illes Balears,042,Pollença,16398,8292,8106,2006
07,Illes Balears,043,Porreres,4848,2558,2290,2006
07,Illes Balears,045,Puigpunyent,1631,845,786,2006
07,Illes Balears,059,Salines (Ses),4502,2303,2199,2006
07,Illes Balears,046,Sant Antoni de Portmany,19673,10229,9444,2006
07,Illes Balears,049,Sant Joan,1853,938,915,2006
07,Illes Balears,050,Sant Joan de Labritja,4975,2579,2396,2006
07,Illes Balears,048,Sant Josep de sa Talaia,19224,10031,9193,2006
07,Illes Balears,051,Sant Llorenç des Cardassar,7738,3946,3792,2006
07,Illes Balears,052,Sant Lluís,6182,3135,3047,2006
07,Illes Balears,053,Santa Eugènia,1439,769,670,2006
07,Illes Balears,054,Santa Eulalia del Río,27152,13964,13188,2006
07,Illes Balears,055,Santa Margalida,10204,5260,4944,2006
07,Illes Balears,056,Santa María del Camí,5323,2653,2670,2006
07,Illes Balears,057,Santanyí,11172,5636,5536,2006
07,Illes Balears,058,Selva,3203,1631,1572,2006
07,Illes Balears,047,Sencelles,2743,1413,1330,2006
07,Illes Balears,060,Sineu,3133,1579,1554,2006
07,Illes Balears,061,Sóller,12847,6475,6372,2006
07,Illes Balears,062,Son Servera,10951,5589,5362,2006
07,Illes Balears,063,Valldemossa,1930,982,948,2006
07,Illes Balears,065,Vilafranca de Bonany,2573,1277,1296,2006
07,Balears (Illes),002,Alaior,8972,4551,4421,2007
07,Balears (Illes),001,Alaró,5018,2490,2528,2007
07,Balears (Illes),003,Alcúdia,17435,8981,8454,2007
07,Balears (Illes),004,Algaida,4527,2345,2182,2007
07,Balears (Illes),005,Andratx,10939,5520,5419,2007
07,Balears (Illes),901,Ariany,799,434,365,2007
07,Balears (Illes),006,Artà,6802,3449,3353,2007
07,Balears (Illes),007,Banyalbufar,591,328,263,2007
07,Balears (Illes),008,Binissalem,6773,3432,3341,2007
07,Balears (Illes),009,Búger,1062,536,526,2007
07,Balears (Illes),010,Bunyola,5792,2906,2886,2007
07,Balears (Illes),011,Calvià,47934,24091,23843,2007
07,Balears (Illes),012,Campanet,2562,1277,1285,2007
07,Balears (Illes),013,Campos,8759,4439,4320,2007
07,Balears (Illes),014,Capdepera,10885,5537,5348,2007
07,Balears (Illes),064,Castell (Es),7629,3889,3740,2007
07,Balears (Illes),015,Ciutadella de Menorca,28017,13987,14030,2007
07,Balears (Illes),016,Consell,3252,1637,1615,2007
07,Balears (Illes),017,Costitx,967,475,492,2007
07,Balears (Illes),018,Deyá,718,385,333,2007
07,Balears (Illes),026,Eivissa,44114,22585,21529,2007
07,Balears (Illes),019,Escorca,290,161,129,2007
07,Balears (Illes),020,Esporles,4640,2310,2330,2007
07,Balears (Illes),021,Estellencs,382,202,180,2007
07,Balears (Illes),022,Felanitx,17443,9021,8422,2007
07,Balears (Illes),023,Ferreries,4563,2365,2198,2007
07,Balears (Illes),024,Formentera,8442,4458,3984,2007
07,Balears (Illes),025,Fornalutx,722,359,363,2007
07,Balears (Illes),027,Inca,28306,14385,13921,2007
07,Balears (Illes),028,Lloret de Vistalegre,1182,602,580,2007
07,Balears (Illes),029,Lloseta,5493,2863,2630,2007
07,Balears (Illes),030,Llubí,2128,1067,1061,2007
07,Balears (Illes),031,Llucmajor,33222,16836,16386,2007
07,Balears (Illes),033,Manacor,37963,19108,18855,2007
07,Balears (Illes),034,Mancor de la Vall,1074,538,536,2007
07,Balears (Illes),032,Maó,28284,14020,14264,2007
07,Balears (Illes),035,Maria de la Salut,2095,1092,1003,2007
07,Balears (Illes),036,Marratxí,31120,15853,15267,2007
07,Balears (Illes),037,Mercadal (Es),4838,2520,2318,2007
07,Balears (Illes),902,Migjorn Gran (Es),1518,750,768,2007
07,Balears (Illes),038,Montuïri,2619,1324,1295,2007
07,Balears (Illes),039,Muro,6741,3498,3243,2007
07,Balears (Illes),040,Palma de Mallorca,383107,187750,195357,2007
07,Balears (Illes),041,Petra,2787,1397,1390,2007
07,Balears (Illes),044,Pobla (Sa),12141,6282,5859,2007
07,Balears (Illes),042,Pollença,16570,8387,8183,2007
07,Balears (Illes),043,Porreres,5052,2676,2376,2007
07,Balears (Illes),045,Puigpunyent,1702,871,831,2007
07,Balears (Illes),059,Salines (Ses),4755,2449,2306,2007
07,Balears (Illes),046,Sant Antoni de Portmany,19889,10368,9521,2007
07,Balears (Illes),049,Sant Joan,1866,943,923,2007
07,Balears (Illes),050,Sant Joan de Labritja,5198,2695,2503,2007
07,Balears (Illes),048,Sant Josep de sa Talaia,20136,10571,9565,2007
07,Balears (Illes),051,Sant Llorenç des Cardassar,8095,4137,3958,2007
07,Balears (Illes),052,Sant Lluís,6414,3266,3148,2007
07,Balears (Illes),053,Santa Eugènia,1489,798,691,2007
07,Balears (Illes),054,Santa Eulalia del Río,28361,14626,13735,2007
07,Balears (Illes),055,Santa Margalida,10608,5454,5154,2007
07,Balears (Illes),056,Santa María del Camí,5497,2771,2726,2007
07,Balears (Illes),057,Santanyí,11720,5938,5782,2007
07,Balears (Illes),058,Selva,3313,1687,1626,2007
07,Balears (Illes),047,Sencelles,2903,1506,1397,2007
07,Balears (Illes),060,Sineu,3248,1643,1605,2007
07,Balears (Illes),061,Sóller,13194,6655,6539,2007
07,Balears (Illes),062,Son Servera,11392,5795,5597,2007
07,Balears (Illes),063,Valldemossa,1976,1007,969,2007
07,Balears (Illes),065,Vilafranca de Bonany,2625,1315,1310,2007
07,Balears (Illes),002,Alaior,9133,4598,4535,2008
07,Balears (Illes),001,Alaró,5178,2577,2601,2008
07,Balears (Illes),003,Alcúdia,18327,9466,8861,2008
07,Balears (Illes),004,Algaida,4827,2515,2312,2008
07,Balears (Illes),005,Andratx,11348,5740,5608,2008
07,Balears (Illes),901,Ariany,839,456,383,2008
07,Balears (Illes),006,Artà,7113,3626,3487,2008
07,Balears (Illes),007,Banyalbufar,627,348,279,2008
07,Balears (Illes),008,Binissalem,7030,3562,3468,2008
07,Balears (Illes),009,Búger,1066,541,525,2008
07,Balears (Illes),010,Bunyola,5910,2970,2940,2008
07,Balears (Illes),011,Calvià,50777,25548,25229,2008
07,Balears (Illes),012,Campanet,2601,1307,1294,2008
07,Balears (Illes),013,Campos,9294,4727,4567,2008
07,Balears (Illes),014,Capdepera,11446,5861,5585,2008
07,Balears (Illes),064,Castell (Es),7724,3966,3758,2008
07,Balears (Illes),015,Ciutadella de Menorca,28696,14368,14328,2008
07,Balears (Illes),016,Consell,3413,1731,1682,2008
07,Balears (Illes),017,Costitx,1023,508,515,2008
07,Balears (Illes),018,Deyá,754,398,356,2008
07,Balears (Illes),026,Eivissa,46835,24217,22618,2008
07,Balears (Illes),019,Escorca,276,154,122,2008
07,Balears (Illes),020,Esporles,4696,2343,2353,2008
07,Balears (Illes),021,Estellencs,388,206,182,2008
07,Balears (Illes),022,Felanitx,17969,9374,8595,2008
07,Balears (Illes),023,Ferreries,4617,2372,2245,2008
07,Balears (Illes),024,Formentera,9147,4843,4304,2008
07,Balears (Illes),025,Fornalutx,732,370,362,2008
07,Balears (Illes),027,Inca,29450,15083,14367,2008
07,Balears (Illes),028,Lloret de Vistalegre,1249,637,612,2008
07,Balears (Illes),029,Lloseta,5655,2951,2704,2008
07,Balears (Illes),030,Llubí,2202,1109,1093,2008
07,Balears (Illes),031,Llucmajor,35092,17842,17250,2008
07,Balears (Illes),033,Manacor,39434,19929,19505,2008
07,Balears (Illes),034,Mancor de la Vall,1146,582,564,2008
07,Balears (Illes),032,Maó,28904,14357,14547,2008
07,Balears (Illes),035,Maria de la Salut,2161,1126,1035,2008
07,Balears (Illes),036,Marratxí,32380,16437,15943,2008
07,Balears (Illes),037,Mercadal (Es),5134,2662,2472,2008
07,Balears (Illes),902,Migjorn Gran (Es),1522,741,781,2008
07,Balears (Illes),038,Montuïri,2749,1407,1342,2008
07,Balears (Illes),039,Muro,7058,3652,3406,2008
07,Balears (Illes),040,Palma de Mallorca,396570,195026,201544,2008
07,Balears (Illes),041,Petra,2856,1417,1439,2008
07,Balears (Illes),044,Pobla (Sa),12455,6418,6037,2008
07,Balears (Illes),042,Pollença,16997,8622,8375,2008
07,Balears (Illes),043,Porreres,5272,2816,2456,2008
07,Balears (Illes),045,Puigpunyent,1763,910,853,2008
07,Balears (Illes),059,Salines (Ses),5049,2601,2448,2008
07,Balears (Illes),046,Sant Antoni de Portmany,21082,11058,10024,2008
07,Balears (Illes),049,Sant Joan,1956,995,961,2008
07,Balears (Illes),050,Sant Joan de Labritja,5468,2843,2625,2008
07,Balears (Illes),048,Sant Josep de sa Talaia,21304,11141,10163,2008
07,Balears (Illes),051,Sant Llorenç des Cardassar,8467,4355,4112,2008
07,Balears (Illes),052,Sant Lluís,6704,3399,3305,2008
07,Balears (Illes),053,Santa Eugènia,1562,840,722,2008
07,Balears (Illes),054,Santa Eulalia del Río,30364,15654,14710,2008
07,Balears (Illes),055,Santa Margalida,11207,5777,5430,2008
07,Balears (Illes),056,Santa María del Camí,5672,2854,2818,2008
07,Balears (Illes),057,Santanyí,12303,6263,6040,2008
07,Balears (Illes),058,Selva,3370,1721,1649,2008
07,Balears (Illes),047,Sencelles,3006,1547,1459,2008
07,Balears (Illes),060,Sineu,3398,1703,1695,2008
07,Balears (Illes),061,Sóller,13625,6886,6739,2008
07,Balears (Illes),062,Son Servera,11713,5947,5766,2008
07,Balears (Illes),063,Valldemossa,1977,1014,963,2008
07,Balears (Illes),065,Vilafranca de Bonany,2782,1381,1401,2008
07,Balears (Illes),002,Alaior,9257,4643,4614,2009
07,Balears (Illes),001,Alaró,5327,2629,2698,2009
07,Balears (Illes),003,Alcúdia,19071,9704,9367,2009
07,Balears (Illes),004,Algaida,5050,2632,2418,2009
07,Balears (Illes),005,Andratx,11685,5898,5787,2009
07,Balears (Illes),901,Ariany,872,461,411,2009
07,Balears (Illes),006,Artà,7411,3727,3684,2009
07,Balears (Illes),007,Banyalbufar,605,337,268,2009
07,Balears (Illes),008,Binissalem,7251,3625,3626,2009
07,Balears (Illes),009,Búger,1060,543,517,2009
07,Balears (Illes),010,Bunyola,6026,2996,3030,2009
07,Balears (Illes),011,Calvià,51774,26096,25678,2009
07,Balears (Illes),012,Campanet,2602,1290,1312,2009
07,Balears (Illes),013,Campos,9601,4883,4718,2009
07,Balears (Illes),014,Capdepera,11911,6059,5852,2009
07,Balears (Illes),064,Castell (Es),7892,4070,3822,2009
07,Balears (Illes),015,Ciutadella de Menorca,29160,14591,14569,2009
07,Balears (Illes),016,Consell,3515,1780,1735,2009
07,Balears (Illes),017,Costitx,1078,540,538,2009
07,Balears (Illes),018,Deyá,755,393,362,2009
07,Balears (Illes),026,Eivissa,48684,25131,23553,2009
07,Balears (Illes),019,Escorca,280,156,124,2009
07,Balears (Illes),020,Esporles,4808,2372,2436,2009
07,Balears (Illes),021,Estellencs,389,202,187,2009
07,Balears (Illes),022,Felanitx,18270,9489,8781,2009
07,Balears (Illes),023,Ferreries,4669,2388,2281,2009
07,Balears (Illes),024,Formentera,9552,5018,4534,2009
07,Balears (Illes),025,Fornalutx,758,381,377,2009
07,Balears (Illes),027,Inca,29308,14965,14343,2009
07,Balears (Illes),028,Lloret de Vistalegre,1275,659,616,2009
07,Balears (Illes),029,Lloseta,5704,2934,2770,2009
07,Balears (Illes),030,Llubí,2265,1134,1131,2009
07,Balears (Illes),031,Llucmajor,36078,18343,17735,2009
07,Balears (Illes),033,Manacor,40548,20494,20054,2009
07,Balears (Illes),034,Mancor de la Vall,1199,618,581,2009
07,Balears (Illes),032,Maó,29125,14453,14672,2009
07,Balears (Illes),035,Maria de la Salut,2150,1118,1032,2009
07,Balears (Illes),036,Marratxí,33348,16855,16493,2009
07,Balears (Illes),037,Mercadal (Es),5292,2747,2545,2009
07,Balears (Illes),902,Migjorn Gran (Es),1523,759,764,2009
07,Balears (Illes),038,Montuïri,2827,1445,1382,2009
07,Balears (Illes),039,Muro,7144,3658,3486,2009
07,Balears (Illes),040,Palma,401270,197436,203834,2009
07,Balears (Illes),041,Petra,2886,1431,1455,2009
07,Balears (Illes),044,Pobla (Sa),12766,6578,6188,2009
07,Balears (Illes),042,Pollença,17260,8720,8540,2009
07,Balears (Illes),043,Porreres,5428,2865,2563,2009
07,Balears (Illes),045,Puigpunyent,1867,942,925,2009
07,Balears (Illes),059,Salines (Ses),5270,2715,2555,2009
07,Balears (Illes),046,Sant Antoni de Portmany,21852,11489,10363,2009
07,Balears (Illes),049,Sant Joan,1962,986,976,2009
07,Balears (Illes),050,Sant Joan de Labritja,5541,2875,2666,2009
07,Balears (Illes),048,Sant Josep de sa Talaia,22171,11595,10576,2009
07,Balears (Illes),051,Sant Llorenç des Cardassar,8687,4442,4245,2009
07,Balears (Illes),052,Sant Lluís,6997,3560,3437,2009
07,Balears (Illes),053,Santa Eugènia,1663,879,784,2009
07,Balears (Illes),054,Santa Eulalia del Río,31314,16093,15221,2009
07,Balears (Illes),055,Santa Margalida,11537,5962,5575,2009
07,Balears (Illes),056,Santa María del Camí,5992,3008,2984,2009
07,Balears (Illes),057,Santanyí,12664,6457,6207,2009
07,Balears (Illes),058,Selva,3515,1777,1738,2009
07,Balears (Illes),047,Sencelles,3105,1593,1512,2009
07,Balears (Illes),060,Sineu,3520,1751,1769,2009
07,Balears (Illes),061,Sóller,13942,7049,6893,2009
07,Balears (Illes),062,Son Servera,12215,6179,6036,2009
07,Balears (Illes),063,Valldemossa,1995,1024,971,2009
07,Balears (Illes),065,Vilafranca de Bonany,2908,1457,1451,2009
07,Balears (Illes),002,Alaior,9399,4690,4709,2010
07,Balears (Illes),001,Alaró,5401,2644,2757,2010
07,Balears (Illes),003,Alcúdia,19112,9710,9402,2010
07,Balears (Illes),004,Algaida,5116,2679,2437,2010
07,Balears (Illes),005,Andratx,11682,5918,5764,2010
07,Balears (Illes),901,Ariany,876,471,405,2010
07,Balears (Illes),006,Artà,7549,3799,3750,2010
07,Balears (Illes),007,Banyalbufar,593,326,267,2010
07,Balears (Illes),008,Binissalem,7379,3658,3721,2010
07,Balears (Illes),009,Búger,1040,532,508,2010
07,Balears (Illes),010,Bunyola,6172,3056,3116,2010
07,Balears (Illes),011,Calvià,51462,25942,25520,2010
07,Balears (Illes),012,Campanet,2619,1279,1340,2010
07,Balears (Illes),013,Campos,9784,4970,4814,2010
07,Balears (Illes),014,Capdepera,11929,6067,5862,2010
07,Balears (Illes),064,Castell (Es),7926,4075,3851,2010
07,Balears (Illes),015,Ciutadella de Menorca,29247,14630,14617,2010
07,Balears (Illes),016,Consell,3677,1871,1806,2010
07,Balears (Illes),017,Costitx,1116,564,552,2010
07,Balears (Illes),018,Deyá,773,400,373,2010
07,Balears (Illes),026,Eivissa,49516,25479,24037,2010
07,Balears (Illes),019,Escorca,276,158,118,2010
07,Balears (Illes),020,Esporles,4900,2416,2484,2010
07,Balears (Illes),021,Estellencs,378,202,176,2010
07,Balears (Illes),022,Felanitx,18225,9369,8856,2010
07,Balears (Illes),023,Ferreries,4620,2347,2273,2010
07,Balears (Illes),024,Formentera,9962,5237,4725,2010
07,Balears (Illes),025,Fornalutx,703,354,349,2010
07,Balears (Illes),027,Inca,29321,14773,14548,2010
07,Balears (Illes),028,Lloret de Vistalegre,1295,662,633,2010
07,Balears (Illes),029,Lloseta,5750,2931,2819,2010
07,Balears (Illes),030,Llubí,2302,1139,1163,2010
07,Balears (Illes),031,Llucmajor,36681,18644,18037,2010
07,Balears (Illes),033,Manacor,40859,20583,20276,2010
07,Balears (Illes),034,Mancor de la Vall,1285,650,635,2010
07,Balears (Illes),032,Maó,29050,14323,14727,2010
07,Balears (Illes),035,Maria de la Salut,2187,1126,1061,2010
07,Balears (Illes),036,Marratxí,33883,17090,16793,2010
07,Balears (Illes),037,Mercadal (Es),5398,2768,2630,2010
07,Balears (Illes),902,Migjorn Gran (Es),1539,753,786,2010
07,Balears (Illes),038,Montuïri,2817,1425,1392,2010
07,Balears (Illes),039,Muro,7001,3582,3419,2010
07,Balears (Illes),040,Palma,404681,198840,205841,2010
07,Balears (Illes),041,Petra,2928,1454,1474,2010
07,Balears (Illes),044,Pobla (Sa),12831,6609,6222,2010
07,Balears (Illes),042,Pollença,16981,8553,8428,2010
07,Balears (Illes),043,Porreres,5531,2926,2605,2010
07,Balears (Illes),045,Puigpunyent,1938,977,961,2010
07,Balears (Illes),059,Salines (Ses),5234,2707,2527,2010
07,Balears (Illes),046,Sant Antoni de Portmany,22136,11621,10515,2010
07,Balears (Illes),049,Sant Joan,1958,971,987,2010
07,Balears (Illes),050,Sant Joan de Labritja,5477,2848,2629,2010
07,Balears (Illes),048,Sant Josep de sa Talaia,22871,12000,10871,2010
07,Balears (Illes),051,Sant Llorenç des Cardassar,8841,4504,4337,2010
07,Balears (Illes),052,Sant Lluís,7204,3639,3565,2010
07,Balears (Illes),053,Santa Eugènia,1595,822,773,2010
07,Balears (Illes),054,Santa Eulalia del Río,32637,16701,15936,2010
07,Balears (Illes),055,Santa Margalida,11626,5998,5628,2010
07,Balears (Illes),056,Santa María del Camí,6176,3106,3070,2010
07,Balears (Illes),057,Santanyí,12823,6566,6257,2010
07,Balears (Illes),058,Selva,3620,1839,1781,2010
07,Balears (Illes),047,Sencelles,3155,1606,1549,2010
07,Balears (Illes),060,Sineu,3619,1779,1840,2010
07,Balears (Illes),061,Sóller,14075,7105,6970,2010
07,Balears (Illes),062,Son Servera,12286,6192,6094,2010
07,Balears (Illes),063,Valldemossa,2037,1045,992,2010
07,Balears (Illes),065,Vilafranca de Bonany,2989,1504,1485,2010
07,"Balears, Illes",001,Alaró,5438,2672,2766,2011
07,"Balears, Illes",002,Alaior,9600,4805,4795,2011
07,"Balears, Illes",003,Alcúdia,19243,9770,9473,2011
07,"Balears, Illes",004,Algaida,5273,2742,2531,2011
07,"Balears, Illes",005,Andratx,11919,6029,5890,2011
07,"Balears, Illes",006,Artà,7553,3785,3768,2011
07,"Balears, Illes",007,Banyalbufar,592,335,257,2011
07,"Balears, Illes",008,Binissalem,7601,3786,3815,2011
07,"Balears, Illes",009,Búger,1047,534,513,2011
07,"Balears, Illes",010,Bunyola,6232,3098,3134,2011
07,"Balears, Illes",011,Calvià,52451,26375,26076,2011
07,"Balears, Illes",012,Campanet,2612,1269,1343,2011
07,"Balears, Illes",013,Campos,9862,4991,4871,2011
07,"Balears, Illes",014,Capdepera,11858,6039,5819,2011
07,"Balears, Illes",015,Ciutadella de Menorca,29315,14646,14669,2011
07,"Balears, Illes",016,Consell,3789,1941,1848,2011
07,"Balears, Illes",017,Costitx,1133,572,561,2011
07,"Balears, Illes",018,Deyá,752,385,367,2011
07,"Balears, Illes",019,Escorca,284,161,123,2011
07,"Balears, Illes",020,Esporles,4956,2447,2509,2011
07,"Balears, Illes",021,Estellencs,402,210,192,2011
07,"Balears, Illes",022,Felanitx,18482,9452,9030,2011
07,"Balears, Illes",023,Ferreries,4717,2405,2312,2011
07,"Balears, Illes",024,Formentera,10365,5444,4921,2011
07,"Balears, Illes",025,Fornalutx,698,354,344,2011
07,"Balears, Illes",026,Eivissa,49388,25340,24048,2011
07,"Balears, Illes",027,Inca,29966,15129,14837,2011
07,"Balears, Illes",028,Lloret de Vistalegre,1290,660,630,2011
07,"Balears, Illes",029,Lloseta,5703,2898,2805,2011
07,"Balears, Illes",030,Llubí,2299,1146,1153,2011
07,"Balears, Illes",031,Llucmajor,36959,18717,18242,2011
07,"Balears, Illes",032,Maó,28942,14255,14687,2011
07,"Balears, Illes",033,Manacor,40873,20598,20275,2011
07,"Balears, Illes",034,Mancor de la Vall,1324,662,662,2011
07,"Balears, Illes",035,Maria de la Salut,2204,1137,1067,2011
07,"Balears, Illes",036,Marratxí,34385,17331,17054,2011
07,"Balears, Illes",037,"Mercadal, Es",5408,2778,2630,2011
07,"Balears, Illes",038,Montuïri,2872,1458,1414,2011
07,"Balears, Illes",039,Muro,6970,3541,3429,2011
07,"Balears, Illes",040,Palma,405318,198634,206684,2011
07,"Balears, Illes",041,Petra,2919,1444,1475,2011
07,"Balears, Illes",042,Pollença,16114,8079,8035,2011
07,"Balears, Illes",043,Porreres,5544,2894,2650,2011
07,"Balears, Illes",044,"Pobla, Sa",12881,6619,6262,2011
07,"Balears, Illes",045,Puigpunyent,1970,979,991,2011
07,"Balears, Illes",046,Sant Antoni de Portmany,22299,11643,10656,2011
07,"Balears, Illes",047,Sencelles,3128,1595,1533,2011
07,"Balears, Illes",048,Sant Josep de sa Talaia,23688,12414,11274,2011
07,"Balears, Illes",049,Sant Joan,1985,982,1003,2011
07,"Balears, Illes",050,Sant Joan de Labritja,5351,2783,2568,2011
07,"Balears, Illes",051,Sant Llorenç des Cardassar,8963,4513,4450,2011
07,"Balears, Illes",052,Sant Lluís,7377,3726,3651,2011
07,"Balears, Illes",053,Santa Eugènia,1640,838,802,2011
07,"Balears, Illes",054,Santa Eulalia del Río,33734,17222,16512,2011
07,"Balears, Illes",055,Santa Margalida,11718,6019,5699,2011
07,"Balears, Illes",056,Santa María del Camí,6270,3125,3145,2011
07,"Balears, Illes",057,Santanyí,13095,6686,6409,2011
07,"Balears, Illes",058,Selva,3697,1867,1830,2011
07,"Balears, Illes",059,"Salines, Ses",5272,2683,2589,2011
07,"Balears, Illes",060,Sineu,3687,1833,1854,2011
07,"Balears, Illes",061,Sóller,14148,7147,7001,2011
07,"Balears, Illes",062,Son Servera,12195,6151,6044,2011
07,"Balears, Illes",063,Valldemossa,2007,1023,984,2011
07,"Balears, Illes",064,"Castell, Es",7990,4072,3918,2011
07,"Balears, Illes",065,Vilafranca de Bonany,2958,1480,1478,2011
07,"Balears, Illes",901,Ariany,883,479,404,2011
07,"Balears, Illes",902,"Migjorn Gran, Es",1526,750,776,2011
07,"Balears, Illes",002,Alaior,9610,4806,4804,2012
07,"Balears, Illes",001,Alaró,5508,2734,2774,2012
07,"Balears, Illes",003,Alcúdia,19586,9941,9645,2012
07,"Balears, Illes",004,Algaida,5367,2787,2580,2012
07,"Balears, Illes",005,Andratx,12149,6139,6010,2012
07,"Balears, Illes",901,Ariany,877,452,425,2012
07,"Balears, Illes",006,Artà,7629,3816,3813,2012
07,"Balears, Illes",007,Banyalbufar,560,316,244,2012
07,"Balears, Illes",008,Binissalem,7795,3885,3910,2012
07,"Balears, Illes",009,Búger,1015,514,501,2012
07,"Balears, Illes",010,Bunyola,6276,3113,3163,2012
07,"Balears, Illes",011,Calvià,51114,25660,25454,2012
07,"Balears, Illes",012,Campanet,2590,1267,1323,2012
07,"Balears, Illes",013,Campos,9964,5031,4933,2012
07,"Balears, Illes",014,Capdepera,11421,5822,5599,2012
07,"Balears, Illes",064,"Castell, Es",7962,4056,3906,2012
07,"Balears, Illes",015,Ciutadella de Menorca,29580,14795,14785,2012
07,"Balears, Illes",016,Consell,3861,1983,1878,2012
07,"Balears, Illes",017,Costitx,1159,589,570,2012
07,"Balears, Illes",018,Deyá,747,387,360,2012
07,"Balears, Illes",026,Eivissa,49768,25523,24245,2012
07,"Balears, Illes",019,Escorca,267,152,115,2012
07,"Balears, Illes",020,Esporles,4915,2425,2490,2012
07,"Balears, Illes",021,Estellencs,380,199,181,2012
07,"Balears, Illes",022,Felanitx,18388,9347,9041,2012
07,"Balears, Illes",023,Ferreries,4670,2374,2296,2012
07,"Balears, Illes",024,Formentera,10757,5635,5122,2012
07,"Balears, Illes",025,Fornalutx,692,352,340,2012
07,"Balears, Illes",027,Inca,30066,15174,14892,2012
07,"Balears, Illes",028,Lloret de Vistalegre,1346,681,665,2012
07,"Balears, Illes",029,Lloseta,5674,2859,2815,2012
07,"Balears, Illes",030,Llubí,2294,1141,1153,2012
07,"Balears, Illes",031,Llucmajor,36994,18729,18265,2012
07,"Balears, Illes",033,Manacor,40831,20500,20331,2012
07,"Balears, Illes",034,Mancor de la Vall,1330,662,668,2012
07,"Balears, Illes",032,Maó,28972,14296,14676,2012
07,"Balears, Illes",035,Maria de la Salut,2152,1103,1049,2012
07,"Balears, Illes",036,Marratxí,34583,17387,17196,2012
07,"Balears, Illes",037,"Mercadal, Es",5396,2749,2647,2012
07,"Balears, Illes",902,"Migjorn Gran, Es",1539,758,781,2012
07,"Balears, Illes",038,Montuïri,2855,1451,1404,2012
07,"Balears, Illes",039,Muro,6963,3527,3436,2012
07,"Balears, Illes",040,Palma,407648,199491,208157,2012
07,"Balears, Illes",041,Petra,2908,1439,1469,2012
07,"Balears, Illes",044,"Pobla, Sa",12871,6614,6257,2012
07,"Balears, Illes",042,Pollença,16191,8077,8114,2012
07,"Balears, Illes",043,Porreres,5486,2833,2653,2012
07,"Balears, Illes",045,Puigpunyent,1886,941,945,2012
07,"Balears, Illes",059,"Salines, Ses",5227,2666,2561,2012
07,"Balears, Illes",046,Sant Antoni de Portmany,22446,11728,10718,2012
07,"Balears, Illes",049,Sant Joan,2047,1001,1046,2012
07,"Balears, Illes",050,Sant Joan de Labritja,5506,2858,2648,2012
07,"Balears, Illes",048,Sant Josep de sa Talaia,24691,12944,11747,2012
07,"Balears, Illes",051,Sant Llorenç des Cardassar,8993,4504,4489,2012
07,"Balears, Illes",052,Sant Lluís,7449,3766,3683,2012
07,"Balears, Illes",053,Santa Eugènia,1702,868,834,2012
07,"Balears, Illes",054,Santa Eulalia del Río,34946,17867,17079,2012
07,"Balears, Illes",055,Santa Margalida,11922,6119,5803,2012
07,"Balears, Illes",056,Santa María del Camí,6473,3213,3260,2012
07,"Balears, Illes",057,Santanyí,13384,6832,6552,2012
07,"Balears, Illes",058,Selva,3798,1917,1881,2012
07,"Balears, Illes",047,Sencelles,3187,1622,1565,2012
07,"Balears, Illes",060,Sineu,3763,1874,1889,2012
07,"Balears, Illes",061,Sóller,14150,7134,7016,2012
07,"Balears, Illes",062,Son Servera,12165,6145,6020,2012
07,"Balears, Illes",063,Valldemossa,2027,1038,989,2012
07,"Balears, Illes",065,Vilafranca de Bonany,2971,1483,1488,2012
07,"Balears, Illes",002,Alaior,9769,4892,4877,2013
07,"Balears, Illes",001,Alaró,5217,2589,2628,2013
07,"Balears, Illes",003,Alcúdia,20163,10241,9922,2013
07,"Balears, Illes",004,Algaida,5382,2777,2605,2013
07,"Balears, Illes",005,Andratx,10748,5416,5332,2013
07,"Balears, Illes",901,Ariany,914,476,438,2013
07,"Balears, Illes",006,Artà,7415,3691,3724,2013
07,"Balears, Illes",007,Banyalbufar,583,326,257,2013
07,"Balears, Illes",008,Binissalem,7792,3846,3946,2013
07,"Balears, Illes",009,Búger,1029,521,508,2013
07,"Balears, Illes",010,Bunyola,6619,3281,3338,2013
07,"Balears, Illes",011,Calvià,52272,26268,26004,2013
07,"Balears, Illes",012,Campanet,2581,1257,1324,2013
07,"Balears, Illes",013,Campos,10144,5117,5027,2013
07,"Balears, Illes",014,Capdepera,11247,5689,5558,2013
07,"Balears, Illes",064,"Castell, Es",7956,4044,3912,2013
07,"Balears, Illes",015,Ciutadella de Menorca,29629,14788,14841,2013
07,"Balears, Illes",016,Consell,3834,1956,1878,2013
07,"Balears, Illes",017,Costitx,1192,595,597,2013
07,"Balears, Illes",018,Deyá,756,383,373,2013
07,"Balears, Illes",026,Eivissa,50401,25692,24709,2013
07,"Balears, Illes",019,Escorca,252,145,107,2013
07,"Balears, Illes",020,Esporles,4991,2482,2509,2013
07,"Balears, Illes",021,Estellencs,369,194,175,2013
07,"Balears, Illes",022,Felanitx,17359,8785,8574,2013
07,"Balears, Illes",023,Ferreries,4610,2339,2271,2013
07,"Balears, Illes",024,Formentera,11374,5927,5447,2013
07,"Balears, Illes",025,Fornalutx,692,352,340,2013
07,"Balears, Illes",027,Inca,31032,15668,15364,2013
07,"Balears, Illes",028,Lloret de Vistalegre,1251,627,624,2013
07,"Balears, Illes",029,Lloseta,5680,2846,2834,2013
07,"Balears, Illes",030,Llubí,2324,1155,1169,2013
07,"Balears, Illes",031,Llucmajor,37257,18839,18418,2013
07,"Balears, Illes",033,Manacor,41049,20519,20530,2013
07,"Balears, Illes",034,Mancor de la Vall,1321,659,662,2013
07,"Balears, Illes",032,Maó,28765,14102,14663,2013
07,"Balears, Illes",035,Maria de la Salut,2140,1094,1046,2013
07,"Balears, Illes",036,Marratxí,35258,17744,17514,2013
07,"Balears, Illes",037,"Mercadal, Es",5425,2766,2659,2013
07,"Balears, Illes",902,"Migjorn Gran, Es",1520,750,770,2013
07,"Balears, Illes",038,Montuïri,2838,1443,1395,2013
07,"Balears, Illes",039,Muro,6977,3522,3455,2013
07,"Balears, Illes",040,Palma de Mallorca,398162,194123,204039,2013
07,"Balears, Illes",041,Petra,2806,1370,1436,2013
07,"Balears, Illes",044,"Pobla, Sa",12901,6586,6315,2013
07,"Balears, Illes",042,Pollença,16200,8063,8137,2013
07,"Balears, Illes",043,Porreres,5496,2830,2666,2013
07,"Balears, Illes",045,Puigpunyent,2010,997,1013,2013
07,"Balears, Illes",059,"Salines, Ses",5273,2665,2608,2013
07,"Balears, Illes",046,Sant Antoni de Portmany,23314,12133,11181,2013
07,"Balears, Illes",049,Sant Joan,1973,971,1002,2013
07,"Balears, Illes",050,Sant Joan de Labritja,5677,2941,2736,2013
07,"Balears, Illes",048,Sant Josep de sa Talaia,24498,12841,11657,2013
07,"Balears, Illes",051,Sant Llorenç des Cardassar,7857,3901,3956,2013
07,"Balears, Illes",052,Sant Lluís,7509,3793,3716,2013
07,"Balears, Illes",053,Santa Eugènia,1723,869,854,2013
07,"Balears, Illes",054,Santa Eulalia del Río,36464,18626,17838,2013
07,"Balears, Illes",055,Santa Margalida,12243,6248,5995,2013
07,"Balears, Illes",056,Santa María del Camí,6500,3239,3261,2013
07,"Balears, Illes",057,Santanyí,11784,5961,5823,2013
07,"Balears, Illes",058,Selva,3869,1951,1918,2013
07,"Balears, Illes",047,Sencelles,3234,1631,1603,2013
07,"Balears, Illes",060,Sineu,3715,1845,1870,2013
07,"Balears, Illes",061,Sóller,14229,7139,7090,2013
07,"Balears, Illes",062,Son Servera,11146,5584,5562,2013
07,"Balears, Illes",063,Valldemossa,2042,1045,997,2013
07,"Balears, Illes",065,Vilafranca de Bonany,2922,1448,1474,2013
07,"Balears, Illes",002,Alaior,9162,4571,4591,2014
07,"Balears, Illes",001,Alaró,5227,2578,2649,2014
07,"Balears, Illes",003,Alcúdia,19768,10049,9719,2014
07,"Balears, Illes",004,Algaida,5354,2752,2602,2014
07,"Balears, Illes",005,Andratx,10806,5388,5418,2014
07,"Balears, Illes",901,Ariany,903,474,429,2014
07,"Balears, Illes",006,Artà,7382,3685,3697,2014
07,"Balears, Illes",007,Banyalbufar,553,313,240,2014
07,"Balears, Illes",008,Binissalem,7936,3927,4009,2014
07,"Balears, Illes",009,Búger,1030,522,508,2014
07,"Balears, Illes",010,Bunyola,6662,3290,3372,2014
07,"Balears, Illes",011,Calvià,50363,25246,25117,2014
07,"Balears, Illes",012,Campanet,2554,1259,1295,2014
07,"Balears, Illes",013,Campos,9765,4909,4856,2014
07,"Balears, Illes",014,Capdepera,11385,5746,5639,2014
07,"Balears, Illes",064,"Castell, Es",7661,3899,3762,2014
07,"Balears, Illes",015,Ciutadella de Menorca,29282,14621,14661,2014
07,"Balears, Illes",016,Consell,3859,1958,1901,2014
07,"Balears, Illes",017,Costitx,1183,583,600,2014
07,"Balears, Illes",018,Deià,768,385,383,2014
07,"Balears, Illes",026,Eivissa,49693,25233,24460,2014
07,"Balears, Illes",019,Escorca,241,139,102,2014
07,"Balears, Illes",020,Esporles,4940,2444,2496,2014
07,"Balears, Illes",021,Estellencs,344,187,157,2014
07,"Balears, Illes",022,Felanitx,17291,8709,8582,2014
07,"Balears, Illes",023,Ferreries,4630,2329,2301,2014
07,"Balears, Illes",024,Formentera,11545,6047,5498,2014
07,"Balears, Illes",025,Fornalutx,704,358,346,2014
07,"Balears, Illes",027,Inca,30625,15437,15188,2014
07,"Balears, Illes",028,Lloret de Vistalegre,1251,632,619,2014
07,"Balears, Illes",029,Lloseta,5686,2838,2848,2014
07,"Balears, Illes",030,Llubí,2216,1101,1115,2014
07,"Balears, Illes",031,Llucmajor,34602,17437,17165,2014
07,"Balears, Illes",033,Manacor,40264,20090,20174,2014
07,"Balears, Illes",034,Mancor de la Vall,1309,652,657,2014
07,"Balears, Illes",032,Maó-Mahón,28460,13939,14521,2014
07,"Balears, Illes",035,Maria de la Salut,2114,1078,1036,2014
07,"Balears, Illes",036,Marratxí,35521,17874,17647,2014
07,"Balears, Illes",037,"Mercadal, Es",5176,2631,2545,2014
07,"Balears, Illes",902,"Migjorn Gran, Es",1470,741,729,2014
07,"Balears, Illes",038,Montuïri,2888,1454,1434,2014
07,"Balears, Illes",039,Muro,6808,3423,3385,2014
07,"Balears, Illes",040,Palma de Mallorca,399093,194439,204654,2014
07,"Balears, Illes",041,Petra,2812,1388,1424,2014
07,"Balears, Illes",044,"Pobla, Sa",12709,6502,6207,2014
07,"Balears, Illes",042,Pollença,16088,7985,8103,2014
07,"Balears, Illes",043,Porreres,5369,2765,2604,2014
07,"Balears, Illes",045,Puigpunyent,2016,1015,1001,2014
07,"Balears, Illes",059,"Salines, Ses",5050,2561,2489,2014
07,"Balears, Illes",046,Sant Antoni de Portmany,23359,12151,11208,2014
07,"Balears, Illes",049,Sant Joan,2030,995,1035,2014
07,"Balears, Illes",050,Sant Joan de Labritja,5668,2912,2756,2014
07,"Balears, Illes",048,Sant Josep de sa Talaia,25362,13260,12102,2014
07,"Balears, Illes",051,Sant Llorenç des Cardassar,8320,4143,4177,2014
07,"Balears, Illes",052,Sant Lluís,7472,3799,3673,2014
07,"Balears, Illes",053,Santa Eugènia,1652,829,823,2014
07,"Balears, Illes",054,Santa Eulalia del Río,36189,18452,17737,2014
07,"Balears, Illes",055,Santa Margalida,11680,5969,5711,2014
07,"Balears, Illes",056,Santa María del Camí,6591,3274,3317,2014
07,"Balears, Illes",057,Santanyí,11636,5879,5757,2014
07,"Balears, Illes",058,Selva,3858,1934,1924,2014
07,"Balears, Illes",047,Sencelles,3073,1543,1530,2014
07,"Balears, Illes",060,Sineu,3681,1827,1854,2014
07,"Balears, Illes",061,Sóller,13842,6977,6865,2014
07,"Balears, Illes",062,Son Servera,11576,5780,5796,2014
07,"Balears, Illes",063,Valldemossa,2025,1036,989,2014
07,"Balears, Illes",065,Vilafranca de Bonany,2910,1458,1452,2014
07,"Balears, Illes",002,Alaior,8997,4490,4507,2015
07,"Balears, Illes",001,Alaró,5275,2592,2683,2015
07,"Balears, Illes",003,Alcúdia,19763,10045,9718,2015
07,"Balears, Illes",004,Algaida,5410,2765,2645,2015
07,"Balears, Illes",005,Andratx,11093,5532,5561,2015
07,"Balears, Illes",901,Ariany,871,460,411,2015
07,"Balears, Illes",006,Artà,7381,3693,3688,2015
07,"Balears, Illes",007,Banyalbufar,548,306,242,2015
07,"Balears, Illes",008,Binissalem,7850,3878,3972,2015
07,"Balears, Illes",009,Búger,1022,531,491,2015
07,"Balears, Illes",010,Bunyola,6706,3300,3406,2015
07,"Balears, Illes",011,Calvià,50328,25153,25175,2015
07,"Balears, Illes",012,Campanet,2524,1245,1279,2015
07,"Balears, Illes",013,Campos,9892,4943,4949,2015
07,"Balears, Illes",014,Capdepera,11420,5781,5639,2015
07,"Balears, Illes",064,"Castell, Es",7635,3898,3737,2015
07,"Balears, Illes",015,Ciutadella de Menorca,29098,14488,14610,2015
07,"Balears, Illes",016,Consell,3862,1952,1910,2015
07,"Balears, Illes",017,Costitx,1205,591,614,2015
07,"Balears, Illes",018,Deià,713,347,366,2015
07,"Balears, Illes",026,Eivissa,49975,25264,24711,2015
07,"Balears, Illes",019,Escorca,236,137,99,2015
07,"Balears, Illes",020,Esporles,4922,2437,2485,2015
07,"Balears, Illes",021,Estellencs,336,181,155,2015
07,"Balears, Illes",022,Felanitx,17412,8760,8652,2015
07,"Balears, Illes",023,Ferreries,4571,2290,2281,2015
07,"Balears, Illes",024,Formentera,11878,6226,5652,2015
07,"Balears, Illes",025,Fornalutx,703,350,353,2015
07,"Balears, Illes",027,Inca,30651,15414,15237,2015
07,"Balears, Illes",028,Lloret de Vistalegre,1233,626,607,2015
07,"Balears, Illes",029,Lloseta,5639,2847,2792,2015
07,"Balears, Illes",030,Llubí,2176,1081,1095,2015
07,"Balears, Illes",031,Llucmajor,34618,17458,17160,2015
07,"Balears, Illes",033,Manacor,40170,19979,20191,2015
07,"Balears, Illes",034,Mancor de la Vall,1321,672,649,2015
07,"Balears, Illes",032,Maó-Mahón,28006,13710,14296,2015
07,"Balears, Illes",035,Maria de la Salut,2113,1071,1042,2015
07,"Balears, Illes",036,Marratxí,35726,17932,17794,2015
07,"Balears, Illes",037,"Mercadal, Es",5091,2583,2508,2015
07,"Balears, Illes",902,"Migjorn Gran, Es",1429,708,721,2015
07,"Balears, Illes",038,Montuïri,2850,1430,1420,2015
07,"Balears, Illes",039,Muro,6723,3367,3356,2015
07,"Balears, Illes",040,Palma de Mallorca,400578,195144,205434,2015
07,"Balears, Illes",041,Petra,2816,1395,1421,2015
07,"Balears, Illes",044,"Pobla, Sa",12694,6473,6221,2015
07,"Balears, Illes",042,Pollença,16115,8016,8099,2015
07,"Balears, Illes",043,Porreres,5267,2703,2564,2015
07,"Balears, Illes",045,Puigpunyent,2018,1027,991,2015
07,"Balears, Illes",059,"Salines, Ses",5018,2538,2480,2015
07,"Balears, Illes",046,Sant Antoni de Portmany,23631,12330,11301,2015
07,"Balears, Illes",049,Sant Joan,2035,998,1037,2015
07,"Balears, Illes",050,Sant Joan de Labritja,5872,3014,2858,2015
07,"Balears, Illes",048,Sant Josep de sa Talaia,25674,13381,12293,2015
07,"Balears, Illes",051,Sant Llorenç des Cardassar,8146,4027,4119,2015
07,"Balears, Illes",052,Sant Lluís,7521,3781,3740,2015
07,"Balears, Illes",053,Santa Eugènia,1638,829,809,2015
07,"Balears, Illes",054,Santa Eulària des Riu,35812,18214,17598,2015
07,"Balears, Illes",055,Santa Margalida,11672,5934,5738,2015
07,"Balears, Illes",056,Santa María del Camí,6685,3321,3364,2015
07,"Balears, Illes",057,Santanyí,11316,5682,5634,2015
07,"Balears, Illes",058,Selva,3890,1957,1933,2015
07,"Balears, Illes",047,Sencelles,3082,1555,1527,2015
07,"Balears, Illes",060,Sineu,3612,1799,1813,2015
07,"Balears, Illes",061,Sóller,13648,6864,6784,2015
07,"Balears, Illes",062,Son Servera,11449,5710,5739,2015
07,"Balears, Illes",063,Valldemossa,2005,1019,986,2015
07,"Balears, Illes",065,Vilafranca de Bonany,2913,1454,1459,2015
07,"Balears, Illes",002,Alaior,8959,4492,4467,2016
07,"Balears, Illes",001,Alaró,5282,2577,2705,2016
07,"Balears, Illes",003,Alcúdia,19296,9758,9538,2016
07,"Balears, Illes",004,Algaida,5394,2751,2643,2016
07,"Balears, Illes",005,Andratx,10873,5415,5458,2016
07,"Balears, Illes",901,Ariany,859,450,409,2016
07,"Balears, Illes",006,Artà,7448,3730,3718,2016
07,"Balears, Illes",007,Banyalbufar,522,289,233,2016
07,"Balears, Illes",008,Binissalem,7966,3929,4037,2016
07,"Balears, Illes",009,Búger,1050,539,511,2016
07,"Balears, Illes",010,Bunyola,6669,3284,3385,2016
07,"Balears, Illes",011,Calvià,49580,24736,24844,2016
07,"Balears, Illes",012,Campanet,2507,1240,1267,2016
07,"Balears, Illes",013,Campos,10164,5066,5098,2016
07,"Balears, Illes",014,Capdepera,11356,5800,5556,2016
07,"Balears, Illes",064,"Castell, Es",7455,3779,3676,2016
07,"Balears, Illes",015,Ciutadella de Menorca,28641,14230,14411,2016
07,"Balears, Illes",016,Consell,3869,1956,1913,2016
07,"Balears, Illes",017,Costitx,1246,621,625,2016
07,"Balears, Illes",018,Deià,642,311,331,2016
07,"Balears, Illes",026,Eivissa,49549,24996,24553,2016
07,"Balears, Illes",019,Escorca,230,135,95,2016
07,"Balears, Illes",020,Esporles,4959,2456,2503,2016
07,"Balears, Illes",021,Estellencs,323,173,150,2016
07,"Balears, Illes",022,Felanitx,17319,8710,8609,2016
07,"Balears, Illes",023,Ferreries,4617,2318,2299,2016
07,"Balears, Illes",024,Formentera,12124,6356,5768,2016
07,"Balears, Illes",025,Fornalutx,687,342,345,2016
07,"Balears, Illes",027,Inca,30944,15552,15392,2016
07,"Balears, Illes",028,Lloret de Vistalegre,1257,643,614,2016
07,"Balears, Illes",029,Lloseta,5710,2888,2822,2016
07,"Balears, Illes",030,Llubí,2157,1076,1081,2016
07,"Balears, Illes",031,Llucmajor,35057,17708,17349,2016
07,"Balears, Illes",033,Manacor,40279,20069,20210,2016
07,"Balears, Illes",034,Mancor de la Vall,1383,691,692,2016
07,"Balears, Illes",032,Maó-Mahón,28099,13769,14330,2016
07,"Balears, Illes",035,Maria de la Salut,2073,1067,1006,2016
07,"Balears, Illes",036,Marratxí,36001,18124,17877,2016
07,"Balears, Illes",037,"Mercadal, Es",5098,2570,2528,2016
07,"Balears, Illes",902,"Migjorn Gran, Es",1419,707,712,2016
07,"Balears, Illes",038,Montuïri,2884,1446,1438,2016
07,"Balears, Illes",039,Muro,6729,3371,3358,2016
07,"Balears, Illes",040,Palma de Mallorca,402949,196220,206729,2016
07,"Balears, Illes",041,Petra,2774,1375,1399,2016
07,"Balears, Illes",044,"Pobla, Sa",12714,6465,6249,2016
07,"Balears, Illes",042,Pollença,16222,8083,8139,2016
07,"Balears, Illes",043,Porreres,5197,2662,2535,2016
07,"Balears, Illes",045,Puigpunyent,2021,1013,1008,2016
07,"Balears, Illes",059,"Salines, Ses",4895,2470,2425,2016
07,"Balears, Illes",046,Sant Antoni de Portmany,24478,12773,11705,2016
07,"Balears, Illes",049,Sant Joan,2042,1005,1037,2016
07,"Balears, Illes",050,Sant Joan de Labritja,6070,3108,2962,2016
07,"Balears, Illes",048,Sant Josep de sa Talaia,25849,13399,12450,2016
07,"Balears, Illes",051,Sant Llorenç des Cardassar,8138,4029,4109,2016
07,"Balears, Illes",052,Sant Lluís,7313,3684,3629,2016
07,"Balears, Illes",053,Santa Eugènia,1636,825,811,2016
07,"Balears, Illes",054,Santa Eulària des Riu,36119,18300,17819,2016
07,"Balears, Illes",055,Santa Margalida,11632,5902,5730,2016
07,"Balears, Illes",056,Santa María del Camí,6832,3403,3429,2016
07,"Balears, Illes",057,Santanyí,11220,5584,5636,2016
07,"Balears, Illes",058,Selva,3864,1930,1934,2016
07,"Balears, Illes",047,Sencelles,3096,1562,1534,2016
07,"Balears, Illes",060,Sineu,3629,1813,1816,2016
07,"Balears, Illes",061,Sóller,13791,6928,6863,2016
07,"Balears, Illes",062,Son Servera,11119,5552,5567,2016
07,"Balears, Illes",063,Valldemossa,2003,1010,993,2016
07,"Balears, Illes",065,Vilafranca de Bonany,2941,1467,1474,2016
07,"Balears, Illes",002,Alaior,9097,4573,4524,2017
07,"Balears, Illes",001,Alaró,5389,2603,2786,2017
07,"Balears, Illes",003,Alcúdia,19395,9785,9610,2017
07,"Balears, Illes",004,Algaida,5430,2771,2659,2017
07,"Balears, Illes",005,Andratx,10930,5418,5512,2017
07,"Balears, Illes",901,Ariany,854,454,400,2017
07,"Balears, Illes",006,Artà,7541,3781,3760,2017
07,"Balears, Illes",007,Banyalbufar,495,269,226,2017
07,"Balears, Illes",008,Binissalem,8143,4043,4100,2017
07,"Balears, Illes",009,Búger,1046,533,513,2017
07,"Balears, Illes",010,Bunyola,6636,3251,3385,2017
07,"Balears, Illes",011,Calvià,49063,24544,24519,2017
07,"Balears, Illes",012,Campanet,2512,1250,1262,2017
07,"Balears, Illes",013,Campos,10418,5150,5268,2017
07,"Balears, Illes",014,Capdepera,11267,5729,5538,2017
07,"Balears, Illes",064,"Castell, Es",7343,3711,3632,2017
07,"Balears, Illes",015,Ciutadella de Menorca,28838,14302,14536,2017
07,"Balears, Illes",016,Consell,3962,2002,1960,2017
07,"Balears, Illes",017,Costitx,1247,625,622,2017
07,"Balears, Illes",018,Deià,637,303,334,2017
07,"Balears, Illes",026,Eivissa,49689,25008,24681,2017
07,"Balears, Illes",019,Escorca,217,125,92,2017
07,"Balears, Illes",020,Esporles,4942,2443,2499,2017
07,"Balears, Illes",021,Estellencs,305,161,144,2017
07,"Balears, Illes",022,Felanitx,17333,8709,8624,2017
07,"Balears, Illes",023,Ferreries,4633,2310,2323,2017
07,"Balears, Illes",024,Formentera,12280,6429,5851,2017
07,"Balears, Illes",025,Fornalutx,663,323,340,2017
07,"Balears, Illes",027,Inca,31255,15729,15526,2017
07,"Balears, Illes",028,Lloret de Vistalegre,1277,650,627,2017
07,"Balears, Illes",029,Lloseta,5799,2930,2869,2017
07,"Balears, Illes",030,Llubí,2206,1104,1102,2017
07,"Balears, Illes",031,Llucmajor,35513,17982,17531,2017
07,"Balears, Illes",033,Manacor,41095,20490,20605,2017
07,"Balears, Illes",034,Mancor de la Vall,1449,726,723,2017
07,"Balears, Illes",032,Maó-Mahón,28161,13795,14366,2017
07,"Balears, Illes",035,Maria de la Salut,2159,1109,1050,2017
07,"Balears, Illes",036,Marratxí,36383,18294,18089,2017
07,"Balears, Illes",037,"Mercadal, Es",4788,2424,2364,2017
07,"Balears, Illes",902,"Migjorn Gran, Es",1356,679,677,2017
07,"Balears, Illes",038,Montuïri,2836,1433,1403,2017
07,"Balears, Illes",039,Muro,6829,3429,3400,2017
07,"Balears, Illes",040,Palma de Mallorca,406492,197833,208659,2017
07,"Balears, Illes",041,Petra,2794,1390,1404,2017
07,"Balears, Illes",044,"Pobla, Sa",12793,6516,6277,2017
07,"Balears, Illes",042,Pollença,16157,8055,8102,2017
07,"Balears, Illes",043,Porreres,5256,2693,2563,2017
07,"Balears, Illes",045,Puigpunyent,1997,997,1000,2017
07,"Balears, Illes",059,"Salines, Ses",4860,2451,2409,2017
07,"Balears, Illes",046,Sant Antoni de Portmany,25290,13260,12030,2017
07,"Balears, Illes",049,Sant Joan,2064,1018,1046,2017
07,"Balears, Illes",050,Sant Joan de Labritja,6139,3129,3010,2017
07,"Balears, Illes",048,Sant Josep de sa Talaia,26133,13507,12626,2017
07,"Balears, Illes",051,Sant Llorenç des Cardassar,8328,4116,4212,2017
07,"Balears, Illes",052,Sant Lluís,6954,3506,3448,2017
07,"Balears, Illes",053,Santa Eugènia,1653,831,822,2017
07,"Balears, Illes",054,Santa Eulària des Riu,36605,18615,17990,2017
07,"Balears, Illes",055,Santa Margalida,11801,6007,5794,2017
07,"Balears, Illes",056,Santa María del Camí,7062,3500,3562,2017
07,"Balears, Illes",057,Santanyí,11348,5666,5682,2017
07,"Balears, Illes",058,Selva,3869,1940,1929,2017
07,"Balears, Illes",047,Sencelles,3154,1580,1574,2017
07,"Balears, Illes",060,Sineu,3641,1794,1847,2017
07,"Balears, Illes",061,Sóller,13936,7009,6927,2017
07,"Balears, Illes",062,Son Servera,11265,5631,5634,2017
07,"Balears, Illes",063,Valldemossa,1950,986,964,2017
07,"Balears, Illes",065,Vilafranca de Bonany,3047,1516,1531,2017
07,"Balears, Illes",002,Alaior,9012,4520,4492,2018
07,"Balears, Illes",001,Alaró,5494,2658,2836,2018
07,"Balears, Illes",003,Alcúdia,19793,9974,9819,2018
07,"Balears, Illes",004,Algaida,5529,2822,2707,2018
07,"Balears, Illes",005,Andratx,11004,5470,5534,2018
07,"Balears, Illes",901,Ariany,860,451,409,2018
07,"Balears, Illes",006,Artà,7671,3844,3827,2018
07,"Balears, Illes",007,Banyalbufar,503,265,238,2018
07,"Balears, Illes",008,Binissalem,8316,4130,4186,2018
07,"Balears, Illes",009,Búger,1054,545,509,2018
07,"Balears, Illes",010,Bunyola,6714,3284,3430,2018
07,"Balears, Illes",011,Calvià,49333,24727,24606,2018
07,"Balears, Illes",012,Campanet,2612,1302,1310,2018
07,"Balears, Illes",013,Campos,10610,5268,5342,2018
07,"Balears, Illes",014,Capdepera,11600,5907,5693,2018
07,"Balears, Illes",064,"Castell, Es",7348,3723,3625,2018
07,"Balears, Illes",015,Ciutadella de Menorca,29223,14483,14740,2018
07,"Balears, Illes",016,Consell,4008,2012,1996,2018
07,"Balears, Illes",017,Costitx,1271,624,647,2018
07,"Balears, Illes",018,Deià,620,293,327,2018
07,"Balears, Illes",026,Eivissa,49727,24984,24743,2018
07,"Balears, Illes",019,Escorca,211,129,82,2018
07,"Balears, Illes",020,Esporles,5020,2478,2542,2018
07,"Balears, Illes",021,Estellencs,318,171,147,2018
07,"Balears, Illes",022,Felanitx,17497,8801,8696,2018
07,"Balears, Illes",023,Ferreries,4695,2335,2360,2018
07,"Balears, Illes",024,Formentera,12216,6428,5788,2018
07,"Balears, Illes",025,Fornalutx,678,332,346,2018
07,"Balears, Illes",027,Inca,32137,16169,15968,2018
07,"Balears, Illes",028,Lloret de Vistalegre,1289,652,637,2018
07,"Balears, Illes",029,Lloseta,5858,2941,2917,2018
07,"Balears, Illes",030,Llubí,2243,1131,1112,2018
07,"Balears, Illes",031,Llucmajor,36358,18444,17914,2018
07,"Balears, Illes",033,Manacor,42631,21270,21361,2018
07,"Balears, Illes",034,Mancor de la Vall,1455,738,717,2018
07,"Balears, Illes",032,Maó-Mahón,28592,13990,14602,2018
07,"Balears, Illes",035,Maria de la Salut,2143,1108,1035,2018
07,"Balears, Illes",036,Marratxí,36725,18495,18230,2018
07,"Balears, Illes",037,"Mercadal, Es",4788,2428,2360,2018
07,"Balears, Illes",902,"Migjorn Gran, Es",1370,683,687,2018
07,"Balears, Illes",038,Montuïri,2867,1449,1418,2018
07,"Balears, Illes",039,Muro,6931,3504,3427,2018
07,"Balears, Illes",040,Palma,409661,199652,210009,2018
07,"Balears, Illes",041,Petra,2825,1399,1426,2018
07,"Balears, Illes",044,"Pobla, Sa",13026,6623,6403,2018
07,"Balears, Illes",042,Pollença,16189,8059,8130,2018
07,"Balears, Illes",043,Porreres,5339,2722,2617,2018
07,"Balears, Illes",045,Puigpunyent,1967,974,993,2018
07,"Balears, Illes",059,"Salines, Ses",4877,2474,2403,2018
07,"Balears, Illes",046,Sant Antoni de Portmany,25779,13529,12250,2018
07,"Balears, Illes",049,Sant Joan,2083,1023,1060,2018
07,"Balears, Illes",050,Sant Joan de Labritja,6200,3153,3047,2018
07,"Balears, Illes",048,Sant Josep de sa Talaia,26496,13663,12833,2018
07,"Balears, Illes",051,Sant Llorenç des Cardassar,8405,4151,4254,2018
07,"Balears, Illes",052,Sant Lluís,6892,3494,3398,2018
07,"Balears, Illes",053,Santa Eugènia,1671,831,840,2018
07,"Balears, Illes",054,Santa Eulària des Riu,36457,18517,17940,2018
07,"Balears, Illes",055,Santa Margalida,11958,6108,5850,2018
07,"Balears, Illes",056,Santa María del Camí,7167,3564,3603,2018
07,"Balears, Illes",057,Santanyí,12112,6089,6023,2018
07,"Balears, Illes",058,Selva,3981,1994,1987,2018
07,"Balears, Illes",047,Sencelles,3195,1615,1580,2018
07,"Balears, Illes",060,Sineu,3764,1866,1898,2018
07,"Balears, Illes",061,Sóller,14041,7050,6991,2018
07,"Balears, Illes",062,Son Servera,11378,5696,5682,2018
07,"Balears, Illes",063,Valldemossa,1945,989,956,2018
07,"Balears, Illes",065,Vilafranca de Bonany,3176,1606,1570,2018
07,"Balears, Illes",002,Alaior,9065,4576,4489,2019
07,"Balears, Illes",001,Alaró,5572,2689,2883,2019
07,"Balears, Illes",003,Alcúdia,20241,10252,9989,2019
07,"Balears, Illes",004,Algaida,5642,2882,2760,2019
07,"Balears, Illes",005,Andratx,11271,5625,5646,2019
07,"Balears, Illes",901,Ariany,868,453,415,2019
07,"Balears, Illes",006,Artà,7845,3949,3896,2019
07,"Balears, Illes",007,Banyalbufar,515,272,243,2019
07,"Balears, Illes",008,Binissalem,8567,4246,4321,2019
07,"Balears, Illes",009,Búger,1050,551,499,2019
07,"Balears, Illes",010,Bunyola,6809,3333,3476,2019
07,"Balears, Illes",011,Calvià,50559,25395,25164,2019
07,"Balears, Illes",012,Campanet,2640,1352,1288,2019
07,"Balears, Illes",013,Campos,10862,5433,5429,2019
07,"Balears, Illes",014,Capdepera,11868,6059,5809,2019
07,"Balears, Illes",064,"Castell, Es",7434,3785,3649,2019
07,"Balears, Illes",015,Ciutadella de Menorca,29840,14802,15038,2019
07,"Balears, Illes",016,Consell,4053,2024,2029,2019
07,"Balears, Illes",017,Costitx,1288,638,650,2019
07,"Balears, Illes",018,Deià,617,299,318,2019
07,"Balears, Illes",026,Eivissa,49783,25031,24752,2019
07,"Balears, Illes",019,Escorca,212,129,83,2019
07,"Balears, Illes",020,Esporles,5062,2503,2559,2019
07,"Balears, Illes",021,Estellencs,315,174,141,2019
07,"Balears, Illes",022,Felanitx,17780,8956,8824,2019
07,"Balears, Illes",023,Ferreries,4777,2384,2393,2019
07,"Balears, Illes",024,Formentera,12111,6365,5746,2019
07,"Balears, Illes",025,Fornalutx,660,330,330,2019
07,"Balears, Illes",027,Inca,33319,16831,16488,2019
07,"Balears, Illes",028,Lloret de Vistalegre,1372,694,678,2019
07,"Balears, Illes",029,Lloseta,5988,3009,2979,2019
07,"Balears, Illes",030,Llubí,2273,1140,1133,2019
07,"Balears, Illes",031,Llucmajor,36914,18702,18212,2019
07,"Balears, Illes",033,Manacor,43808,21927,21881,2019
07,"Balears, Illes",034,Mancor de la Vall,1509,763,746,2019
07,"Balears, Illes",032,Maó-Mahón,29040,14147,14893,2019
07,"Balears, Illes",035,Maria de la Salut,2227,1156,1071,2019
07,"Balears, Illes",036,Marratxí,37193,18735,18458,2019
07,"Balears, Illes",037,"Mercadal, Es",5038,2542,2496,2019
07,"Balears, Illes",902,"Migjorn Gran, Es",1405,696,709,2019
07,"Balears, Illes",038,Montuïri,2912,1465,1447,2019
07,"Balears, Illes",039,Muro,7085,3574,3511,2019
07,"Balears, Illes",040,Palma,416065,203195,212870,2019
07,"Balears, Illes",041,Petra,2860,1419,1441,2019
07,"Balears, Illes",044,"Pobla, Sa",13475,6845,6630,2019
07,"Balears, Illes",042,Pollença,16283,8088,8195,2019
07,"Balears, Illes",043,Porreres,5502,2823,2679,2019
07,"Balears, Illes",045,Puigpunyent,2012,997,1015,2019
07,"Balears, Illes",059,"Salines, Ses",4960,2525,2435,2019
07,"Balears, Illes",046,Sant Antoni de Portmany,26306,13788,12518,2019
07,"Balears, Illes",049,Sant Joan,2108,1039,1069,2019
07,"Balears, Illes",050,Sant Joan de Labritja,6397,3282,3115,2019
07,"Balears, Illes",048,Sant Josep de sa Talaia,27413,14114,13299,2019
07,"Balears, Illes",051,Sant Llorenç des Cardassar,8431,4167,4264,2019
07,"Balears, Illes",052,Sant Lluís,6798,3458,3340,2019
07,"Balears, Illes",053,Santa Eugènia,1561,769,792,2019
07,"Balears, Illes",054,Santa Eulària des Riu,38015,19254,18761,2019
07,"Balears, Illes",055,Santa Margalida,12485,6391,6094,2019
07,"Balears, Illes",056,Santa María del Camí,7375,3664,3711,2019
07,"Balears, Illes",057,Santanyí,12237,6163,6074,2019
07,"Balears, Illes",058,Selva,4014,1991,2023,2019
07,"Balears, Illes",047,Sencelles,3290,1654,1636,2019
07,"Balears, Illes",060,Sineu,3862,1913,1949,2019
07,"Balears, Illes",061,Sóller,13705,6850,6855,2019
07,"Balears, Illes",062,Son Servera,11568,5776,5792,2019
07,"Balears, Illes",063,Valldemossa,1969,991,978,2019
07,"Balears, Illes",065,Vilafranca de Bonany,3380,1733,1647,2019
07,"Balears, Illes",002,Alaior,9467,4798,4669,2020
07,"Balears, Illes",001,Alaró,5617,2717,2900,2020
07,"Balears, Illes",003,Alcúdia,20819,10552,10267,2020
07,"Balears, Illes",004,Algaida,5793,2941,2852,2020
07,"Balears, Illes",005,Andratx,11433,5716,5717,2020
07,"Balears, Illes",901,Ariany,902,469,433,2020
07,"Balears, Illes",006,Artà,7984,4010,3974,2020
07,"Balears, Illes",007,Banyalbufar,523,279,244,2020
07,"Balears, Illes",008,Binissalem,8756,4380,4376,2020
07,"Balears, Illes",009,Búger,1087,567,520,2020
07,"Balears, Illes",010,Bunyola,6895,3364,3531,2020
07,"Balears, Illes",011,Calvià,51710,26010,25700,2020
07,"Balears, Illes",012,Campanet,2648,1343,1305,2020
07,"Balears, Illes",013,Campos,11283,5631,5652,2020
07,"Balears, Illes",014,Capdepera,12158,6189,5969,2020
07,"Balears, Illes",064,"Castell, Es",7572,3818,3754,2020
07,"Balears, Illes",015,Ciutadella de Menorca,30588,15242,15346,2020
07,"Balears, Illes",016,Consell,4125,2067,2058,2020
07,"Balears, Illes",017,Costitx,1329,659,670,2020
07,"Balears, Illes",018,Deià,630,309,321,2020
07,"Balears, Illes",026,Eivissa,51128,25766,25362,2020
07,"Balears, Illes",019,Escorca,208,128,80,2020
07,"Balears, Illes",020,Esporles,5113,2526,2587,2020
07,"Balears, Illes",021,Estellencs,327,175,152,2020
07,"Balears, Illes",022,Felanitx,18202,9191,9011,2020
07,"Balears, Illes",023,Ferreries,4908,2460,2448,2020
07,"Balears, Illes",024,Formentera,11904,6228,5676,2020
07,"Balears, Illes",025,Fornalutx,679,343,336,2020
07,"Balears, Illes",027,Inca,33679,16913,16766,2020
07,"Balears, Illes",028,Lloret de Vistalegre,1437,734,703,2020
07,"Balears, Illes",029,Lloseta,6122,3076,3046,2020
07,"Balears, Illes",030,Llubí,2298,1143,1155,2020
07,"Balears, Illes",031,Llucmajor,37752,19173,18579,2020
07,"Balears, Illes",033,Manacor,44527,22314,22213,2020
07,"Balears, Illes",034,Mancor de la Vall,1528,772,756,2020
07,"Balears, Illes",032,Maó-Mahón,29592,14436,15156,2020
07,"Balears, Illes",035,Maria de la Salut,2245,1162,1083,2020
07,"Balears, Illes",036,Marratxí,37724,18993,18731,2020
07,"Balears, Illes",037,"Mercadal, Es",5316,2707,2609,2020
07,"Balears, Illes",902,"Migjorn Gran, Es",1463,726,737,2020
07,"Balears, Illes",038,Montuïri,2987,1508,1479,2020
07,"Balears, Illes",039,Muro,7394,3763,3631,2020
07,"Balears, Illes",040,Palma,422587,206654,215933,2020
07,"Balears, Illes",041,Petra,2942,1459,1483,2020
07,"Balears, Illes",044,"Pobla, Sa",13764,6970,6794,2020
07,"Balears, Illes",042,Pollença,16658,8283,8375,2020
07,"Balears, Illes",043,Porreres,5576,2852,2724,2020
07,"Balears, Illes",045,Puigpunyent,2044,1008,1036,2020
07,"Balears, Illes",059,"Salines, Ses",5096,2594,2502,2020
07,"Balears, Illes",046,Sant Antoni de Portmany,27033,14205,12828,2020
07,"Balears, Illes",049,Sant Joan,2145,1059,1086,2020
07,"Balears, Illes",050,Sant Joan de Labritja,6576,3374,3202,2020
07,"Balears, Illes",048,Sant Josep de sa Talaia,27732,14338,13394,2020
07,"Balears, Illes",051,Sant Llorenç des Cardassar,8742,4342,4400,2020
07,"Balears, Illes",052,Sant Lluís,6735,3424,3311,2020
07,"Balears, Illes",053,Santa Eugènia,1641,814,827,2020
07,"Balears, Illes",054,Santa Eulària des Riu,39358,19894,19464,2020
07,"Balears, Illes",055,Santa Margalida,12797,6595,6202,2020
07,"Balears, Illes",056,Santa María del Camí,7486,3742,3744,2020
07,"Balears, Illes",057,Santanyí,12373,6236,6137,2020
07,"Balears, Illes",058,Selva,4080,1994,2086,2020
07,"Balears, Illes",047,Sencelles,3370,1692,1678,2020
07,"Balears, Illes",060,Sineu,4030,2002,2028,2020
07,"Balears, Illes",061,Sóller,13634,6803,6831,2020
07,"Balears, Illes",062,Son Servera,11817,5879,5938,2020
07,"Balears, Illes",063,Valldemossa,2009,1016,993,2020
07,"Balears, Illes",065,Vilafranca de Bonany,3466,1771,1695,2020
07,"Balears, Illes",002,Alaior,9477,4776,4701,2021
07,"Balears, Illes",001,Alaró,5741,2777,2964,2021
07,"Balears, Illes",003,Alcúdia,20651,10443,10208,2021
07,"Balears, Illes",004,Algaida,5963,3026,2937,2021
07,"Balears, Illes",005,Andratx,11571,5830,5741,2021
07,"Balears, Illes",901,Ariany,897,458,439,2021
07,"Balears, Illes",006,Artà,7984,3992,3992,2021
07,"Balears, Illes",007,Banyalbufar,542,286,256,2021
07,"Balears, Illes",008,Binissalem,8895,4472,4423,2021
07,"Balears, Illes",009,Búger,1084,578,506,2021
07,"Balears, Illes",010,Bunyola,7037,3456,3581,2021
07,"Balears, Illes",011,Calvià,51567,25858,25709,2021
07,"Balears, Illes",012,Campanet,2684,1352,1332,2021
07,"Balears, Illes",013,Campos,11425,5698,5727,2021
07,"Balears, Illes",014,Capdepera,12003,6078,5925,2021
07,"Balears, Illes",064,"Castell, Es",7530,3824,3706,2021
07,"Balears, Illes",015,Ciutadella de Menorca,30638,15286,15352,2021
07,"Balears, Illes",016,Consell,4243,2111,2132,2021
07,"Balears, Illes",017,Costitx,1379,681,698,2021
07,"Balears, Illes",018,Deià,674,327,347,2021
07,"Balears, Illes",026,Eivissa,50643,25538,25105,2021
07,"Balears, Illes",019,Escorca,181,110,71,2021
07,"Balears, Illes",020,Esporles,5134,2544,2590,2021
07,"Balears, Illes",021,Estellencs,326,173,153,2021
07,"Balears, Illes",022,Felanitx,18164,9163,9001,2021
07,"Balears, Illes",023,Ferreries,4892,2455,2437,2021
07,"Balears, Illes",024,Formentera,11708,6121,5587,2021
07,"Balears, Illes",025,Fornalutx,682,340,342,2021
07,"Balears, Illes",027,Inca,33726,16940,16786,2021
07,"Balears, Illes",028,Lloret de Vistalegre,1465,746,719,2021
07,"Balears, Illes",029,Lloseta,6250,3131,3119,2021
07,"Balears, Illes",030,Llubí,2385,1191,1194,2021
07,"Balears, Illes",031,Llucmajor,38224,19355,18869,2021
07,"Balears, Illes",033,Manacor,44809,22419,22390,2021
07,"Balears, Illes",034,Mancor de la Vall,1569,792,777,2021
07,"Balears, Illes",032,Maó-Mahón,29578,14399,15179,2021
07,"Balears, Illes",035,Maria de la Salut,2242,1157,1085,2021
07,"Balears, Illes",036,Marratxí,38357,19253,19104,2021
07,"Balears, Illes",037,"Mercadal, Es",5444,2768,2676,2021
07,"Balears, Illes",902,"Migjorn Gran, Es",1500,748,752,2021
07,"Balears, Illes",038,Montuïri,3087,1551,1536,2021
07,"Balears, Illes",039,Muro,7515,3827,3688,2021
07,"Balears, Illes",040,Palma,419366,205249,214117,2021
07,"Balears, Illes",041,Petra,3028,1498,1530,2021
07,"Balears, Illes",044,"Pobla, Sa",13873,6998,6875,2021
07,"Balears, Illes",042,Pollença,16969,8474,8495,2021
07,"Balears, Illes",043,Porreres,5624,2853,2771,2021
07,"Balears, Illes",045,Puigpunyent,2057,1020,1037,2021
07,"Balears, Illes",059,"Salines, Ses",5010,2532,2478,2021
07,"Balears, Illes",046,Sant Antoni de Portmany,27205,14274,12931,2021
07,"Balears, Illes",049,Sant Joan,2185,1076,1109,2021
07,"Balears, Illes",050,Sant Joan de Labritja,6635,3358,3277,2021
07,"Balears, Illes",048,Sant Josep de sa Talaia,28299,14602,13697,2021
07,"Balears, Illes",051,Sant Llorenç des Cardassar,8920,4477,4443,2021
07,"Balears, Illes",052,Sant Lluís,6877,3503,3374,2021
07,"Balears, Illes",053,Santa Eugènia,1724,860,864,2021
07,"Balears, Illes",054,Santa Eulària des Riu,40038,20177,19861,2021
07,"Balears, Illes",055,Santa Margalida,12767,6575,6192,2021
07,"Balears, Illes",056,Santa María del Camí,7507,3754,3753,2021
07,"Balears, Illes",057,Santanyí,12342,6201,6141,2021
07,"Balears, Illes",058,Selva,4126,2036,2090,2021
07,"Balears, Illes",047,Sencelles,3542,1791,1751,2021
07,"Balears, Illes",060,Sineu,4122,2050,2072,2021
07,"Balears, Illes",061,Sóller,13491,6720,6771,2021
07,"Balears, Illes",062,Son Servera,11835,5886,5949,2021
07,"Balears, Illes",063,Valldemossa,2042,1040,1002,2021
07,"Balears, Illes",065,Vilafranca de Bonany,3558,1819,1739,2021
07,"Balears, Illes",002,Alaior,9606,4814,4792,2022
07,"Balears, Illes",001,Alaró,5811,2825,2986,2022
07,"Balears, Illes",003,Alcúdia,20717,10491,10226,2022
07,"Balears, Illes",004,Algaida,6075,3073,3002,2022
07,"Balears, Illes",005,Andratx,11735,5916,5819,2022
07,"Balears, Illes",901,Ariany,912,477,435,2022
07,"Balears, Illes",006,Artà,8062,4023,4039,2022
07,"Balears, Illes",007,Banyalbufar,566,304,262,2022
07,"Balears, Illes",008,Binissalem,9027,4498,4529,2022
07,"Balears, Illes",009,Búger,1111,588,523,2022
07,"Balears, Illes",010,Bunyola,7121,3499,3622,2022
07,"Balears, Illes",011,Calvià,52458,26175,26283,2022
07,"Balears, Illes",012,Campanet,2719,1358,1361,2022
07,"Balears, Illes",013,Campos,11618,5815,5803,2022
07,"Balears, Illes",014,Capdepera,12081,6093,5988,2022
07,"Balears, Illes",064,"Castell, Es",7525,3817,3708,2022
07,"Balears, Illes",015,Ciutadella de Menorca,30811,15336,15475,2022
07,"Balears, Illes",016,Consell,4230,2096,2134,2022
07,"Balears, Illes",017,Costitx,1446,714,732,2022
07,"Balears, Illes",018,Deià,674,328,346,2022
07,"Balears, Illes",026,Eivissa,50715,25550,25165,2022
07,"Balears, Illes",019,Escorca,187,112,75,2022
07,"Balears, Illes",020,Esporles,5182,2546,2636,2022
07,"Balears, Illes",021,Estellencs,336,175,161,2022
07,"Balears, Illes",022,Felanitx,18357,9219,9138,2022
07,"Balears, Illes",023,Ferreries,4944,2479,2465,2022
07,"Balears, Illes",024,Formentera,11418,5938,5480,2022
07,"Balears, Illes",025,Fornalutx,710,354,356,2022
07,"Balears, Illes",027,Inca,34093,17155,16938,2022
07,"Balears, Illes",028,Lloret de Vistalegre,1514,762,752,2022
07,"Balears, Illes",029,Lloseta,6312,3155,3157,2022
07,"Balears, Illes",030,Llubí,2392,1191,1201,2022
07,"Balears, Illes",031,Llucmajor,38722,19595,19127,2022
07,"Balears, Illes",033,Manacor,45352,22720,22632,2022
07,"Balears, Illes",034,Mancor de la Vall,1596,817,779,2022
07,"Balears, Illes",032,Maó,29445,14287,15158,2022
07,"Balears, Illes",035,Maria de la Salut,2273,1174,1099,2022
07,"Balears, Illes",036,Marratxí,38902,19542,19360,2022
07,"Balears, Illes",037,"Mercadal, Es",5676,2878,2798,2022
07,"Balears, Illes",902,"Migjorn Gran, Es",1507,750,757,2022
07,"Balears, Illes",038,Montuïri,3119,1576,1543,2022
07,"Balears, Illes",039,Muro,7667,3882,3785,2022
07,"Balears, Illes",040,Palma,415940,203175,212765,2022
07,"Balears, Illes",041,Petra,3067,1509,1558,2022
07,"Balears, Illes",044,"Pobla, Sa",14005,7079,6926,2022
07,"Balears, Illes",042,Pollença,17126,8534,8592,2022
07,"Balears, Illes",043,Porreres,5645,2856,2789,2022
07,"Balears, Illes",045,Puigpunyent,2075,1026,1049,2022
07,"Balears, Illes",059,"Salines, Ses",5039,2519,2520,2022
07,"Balears, Illes",046,Sant Antoni de Portmany,27431,14334,13097,2022
07,"Balears, Illes",049,Sant Joan,2179,1079,1100,2022
07,"Balears, Illes",050,Sant Joan de Labritja,6703,3401,3302,2022
07,"Balears, Illes",048,Sant Josep de sa Talaia,28813,14785,14028,2022
07,"Balears, Illes",051,Sant Llorenç des Cardassar,9035,4537,4498,2022
07,"Balears, Illes",052,Sant Lluís,6953,3509,3444,2022
07,"Balears, Illes",053,Santa Eugènia,1771,888,883,2022
07,"Balears, Illes",054,Santa Eulària des Riu,40548,20454,20094,2022
07,"Balears, Illes",055,Santa Margalida,12776,6555,6221,2022
07,"Balears, Illes",056,Santa María del Camí,7483,3734,3749,2022
07,"Balears, Illes",057,Santanyí,12321,6199,6122,2022
07,"Balears, Illes",058,Selva,4243,2090,2153,2022
07,"Balears, Illes",047,Sencelles,3659,1851,1808,2022
07,"Balears, Illes",060,Sineu,4232,2109,2123,2022
07,"Balears, Illes",061,Sóller,13454,6659,6795,2022
07,"Balears, Illes",062,Son Servera,11752,5837,5915,2022
07,"Balears, Illes",063,Valldemossa,2085,1049,1036,2022
07,"Balears, Illes",065,Vilafranca de Bonany,3600,1831,1769,2022
07,"Balears, Illes",002,Alaior,9748,4896,4852,2023
07,"Balears, Illes",001,Alaró,5909,2875,3034,2023
07,"Balears, Illes",003,Alcúdia,21322,10793,10529,2023
07,"Balears, Illes",004,Algaida,6170,3122,3048,2023
07,"Balears, Illes",005,Andratx,11833,5936,5897,2023
07,"Balears, Illes",901,Ariany,963,502,461,2023
07,"Balears, Illes",006,Artà,8208,4109,4099,2023
07,"Balears, Illes",007,Banyalbufar,577,309,268,2023
07,"Balears, Illes",008,Binissalem,9172,4537,4635,2023
07,"Balears, Illes",009,Búger,1148,605,543,2023
07,"Balears, Illes",010,Bunyola,7286,3549,3737,2023
07,"Balears, Illes",011,Calvià,53162,26514,26648,2023
07,"Balears, Illes",012,Campanet,2790,1387,1403,2023
07,"Balears, Illes",013,Campos,11763,5888,5875,2023
07,"Balears, Illes",014,Capdepera,12340,6251,6089,2023
07,"Balears, Illes",064,"Castell, Es",7670,3855,3815,2023
07,"Balears, Illes",015,Ciutadella de Menorca,31443,15689,15754,2023
07,"Balears, Illes",016,Consell,4304,2126,2178,2023
07,"Balears, Illes",017,Costitx,1490,733,757,2023
07,"Balears, Illes",018,Deià,675,328,347,2023
07,"Balears, Illes",026,Eivissa,51996,26114,25882,2023
07,"Balears, Illes",019,Escorca,194,118,76,2023
07,"Balears, Illes",020,Esporles,5236,2562,2674,2023
07,"Balears, Illes",021,Estellencs,359,192,167,2023
07,"Balears, Illes",022,Felanitx,18592,9306,9286,2023
07,"Balears, Illes",023,Ferreries,5051,2517,2534,2023
07,"Balears, Illes",024,Formentera,11171,5746,5425,2023
07,"Balears, Illes",025,Fornalutx,717,351,366,2023
07,"Balears, Illes",027,Inca,34577,17389,17188,2023
07,"Balears, Illes",028,Lloret de Vistalegre,1589,801,788,2023
07,"Balears, Illes",029,Lloseta,6378,3181,3197,2023
07,"Balears, Illes",030,Llubí,2438,1211,1227,2023
07,"Balears, Illes",031,Llucmajor,39040,19628,19412,2023
07,"Balears, Illes",033,Manacor,46395,23219,23176,2023
07,"Balears, Illes",034,Mancor de la Vall,1639,824,815,2023
07,"Balears, Illes",032,Maó,29902,14564,15338,2023
07,"Balears, Illes",035,Maria de la Salut,2336,1204,1132,2023
07,"Balears, Illes",036,Marratxí,39440,19798,19642,2023
07,"Balears, Illes",037,"Mercadal, Es",5939,3033,2906,2023
07,"Balears, Illes",902,"Migjorn Gran, Es",1563,779,784,2023
07,"Balears, Illes",038,Montuïri,3144,1586,1558,2023
07,"Balears, Illes",039,Muro,7825,3952,3873,2023
07,"Balears, Illes",040,Palma,423350,206618,216732,2023
07,"Balears, Illes",041,Petra,3118,1530,1588,2023
07,"Balears, Illes",044,"Pobla, Sa",14164,7131,7033,2023
07,"Balears, Illes",042,Pollença,17279,8588,8691,2023
07,"Balears, Illes",043,Porreres,5741,2913,2828,2023
07,"Balears, Illes",045,Puigpunyent,2055,1021,1034,2023
07,"Balears, Illes",059,"Salines, Ses",5044,2496,2548,2023
07,"Balears, Illes",046,Sant Antoni de Portmany,28237,14725,13512,2023
07,"Balears, Illes",049,Sant Joan,2195,1079,1116,2023
07,"Balears, Illes",050,Sant Joan de Labritja,6838,3465,3373,2023
07,"Balears, Illes",048,Sant Josep de sa Talaia,29506,15147,14359,2023
07,"Balears, Illes",051,Sant Llorenç des Cardassar,9227,4608,4619,2023
07,"Balears, Illes",052,Sant Lluís,7019,3551,3468,2023
07,"Balears, Illes",053,Santa Eugènia,1843,920,923,2023
07,"Balears, Illes",054,Santa Eulària des Riu,41228,20837,20391,2023
07,"Balears, Illes",055,Santa Margalida,13160,6782,6378,2023
07,"Balears, Illes",056,Santa María del Camí,7552,3767,3785,2023
07,"Balears, Illes",057,Santanyí,12480,6261,6219,2023
07,"Balears, Illes",058,Selva,4289,2108,2181,2023
07,"Balears, Illes",047,Sencelles,3795,1918,1877,2023
07,"Balears, Illes",060,Sineu,4369,2157,2212,2023
07,"Balears, Illes",061,Sóller,13610,6720,6890,2023
07,"Balears, Illes",062,Son Servera,11932,5896,6036,2023
07,"Balears, Illes",063,Valldemossa,2037,1031,1006,2023
07,"Balears, Illes",065,Vilafranca de Bonany,3699,1868,1831,2023
07,"Balears, Illes",001,Alaró,6037,2915,3122,2024
07,"Balears, Illes",002,Alaior,10042,5047,4995,2024
07,"Balears, Illes",003,Alcúdia,21683,11142,10541,2024
07,"Balears, Illes",004,Algaida,6311,3212,3099,2024
07,"Balears, Illes",005,Andratx,12062,6051,6011,2024
07,"Balears, Illes",006,Artà,8387,4245,4142,2024
07,"Balears, Illes",007,Banyalbufar,577,313,264,2024
07,"Balears, Illes",008,Binissalem,9281,4618,4663,2024
07,"Balears, Illes",009,Búger,1199,632,567,2024
07,"Balears, Illes",010,Bunyola,7490,3663,3827,2024
07,"Balears, Illes",011,Calvià,53491,26716,26775,2024
07,"Balears, Illes",012,Campanet,2824,1396,1428,2024
07,"Balears, Illes",013,Campos,12163,6095,6068,2024
07,"Balears, Illes",014,Capdepera,12860,6520,6340,2024
07,"Balears, Illes",015,Ciutadella de Menorca,31941,15920,16021,2024
07,"Balears, Illes",016,Consell,4399,2192,2207,2024
07,"Balears, Illes",017,Costitx,1516,749,767,2024
07,"Balears, Illes",018,Deià,717,352,365,2024
07,"Balears, Illes",019,Escorca,203,127,76,2024
07,"Balears, Illes",020,Esporles,5252,2572,2680,2024
07,"Balears, Illes",021,Estellencs,374,199,175,2024
07,"Balears, Illes",022,Felanitx,18850,9481,9369,2024
07,"Balears, Illes",023,Ferreries,5114,2536,2578,2024
07,"Balears, Illes",024,Formentera,11389,5831,5558,2024
07,"Balears, Illes",025,Fornalutx,715,348,367,2024
07,"Balears, Illes",026,Eivissa,53717,26990,26727,2024
07,"Balears, Illes",027,Inca,35654,17963,17691,2024
07,"Balears, Illes",028,Lloret de Vistalegre,1619,815,804,2024
07,"Balears, Illes",029,Lloseta,6456,3280,3176,2024
07,"Balears, Illes",030,Llubí,2505,1256,1249,2024
07,"Balears, Illes",031,Llucmajor,39912,20159,19753,2024
07,"Balears, Illes",032,Maó,30419,14843,15576,2024
07,"Balears, Illes",033,Manacor,47777,24062,23715,2024
07,"Balears, Illes",034,Mancor de la Vall,1702,855,847,2024
07,"Balears, Illes",035,Maria de la Salut,2397,1234,1163,2024
07,"Balears, Illes",036,Marratxí,40079,20103,19976,2024
07,"Balears, Illes",037,"Mercadal, Es",6215,3165,3050,2024
07,"Balears, Illes",038,Montuïri,3216,1622,1594,2024
07,"Balears, Illes",039,Muro,8115,4099,4016,2024
07,"Balears, Illes",040,Palma,431521,211093,220428,2024
07,"Balears, Illes",041,Petra,3184,1569,1615,2024
07,"Balears, Illes",042,Pollença,17594,8760,8834,2024
07,"Balears, Illes",043,Porreres,5888,3001,2887,2024
07,"Balears, Illes",044,"Pobla, Sa",14630,7370,7260,2024
07,"Balears, Illes",045,Puigpunyent,2035,1012,1023,2024
07,"Balears, Illes",046,Sant Antoni de Portmany,28609,14933,13676,2024
07,"Balears, Illes",047,Sencelles,3900,2000,1900,2024
07,"Balears, Illes",048,Sant Josep de sa Talaia,29664,15252,14412,2024
07,"Balears, Illes",049,Sant Joan,2228,1112,1116,2024
07,"Balears, Illes",050,Sant Joan de Labritja,6948,3499,3449,2024
07,"Balears, Illes",051,Sant Llorenç des Cardassar,9331,4693,4638,2024
07,"Balears, Illes",052,Sant Lluís,7130,3604,3526,2024
07,"Balears, Illes",053,Santa Eugènia,1899,952,947,2024
07,"Balears, Illes",054,Santa Eulària des Riu,41706,21182,20524,2024
07,"Balears, Illes",055,Santa Margalida,13757,7123,6634,2024
07,"Balears, Illes",056,Santa María del Camí,7623,3810,3813,2024
07,"Balears, Illes",057,Santanyí,12887,6463,6424,2024
07,"Balears, Illes",058,Selva,4294,2100,2194,2024
07,"Balears, Illes",059,"Salines, Ses",5129,2539,2590,2024
07,"Balears, Illes",060,Sineu,4469,2220,2249,2024
07,"Balears, Illes",061,Sóller,13744,6787,6957,2024
07,"Balears, Illes",062,Son Servera,12261,6043,6218,2024
07,"Balears, Illes",063,Valldemossa,2016,1029,987,2024
07,"Balears, Illes",064,"Castell, Es",7772,3919,3853,2024
07,"Balears, Illes",065,Vilafranca de Bonany,3816,1926,1890,2024
07,"Balears, Illes",901,Ariany,1018,557,461,2024
07,"Balears, Illes",902,"Migjorn Gran, Es",1690,872,818,2024
